taxa,kingdom,phylum,class,order,family,genus,species,mobility
Aporrectodea tuberculata,Eukaryota,Annelida,Clitellata,Crassiclitellata,Lumbricidae,Aporrectodea,Aporrectodea tuberculata,edaphic
Lumbricus,Eukaryota,Annelida,Clitellata,Crassiclitellata,Lumbricidae,Lumbricus,NA,edaphic
Aporrectodea longa,Eukaryota,Annelida,Clitellata,Crassiclitellata,Lumbricidae,Aporrectodea,Aporrectodea longa,edaphic
Lumbricidae,Eukaryota,Annelida,Clitellata,Crassiclitellata,Lumbricidae,NA,NA,edaphic
Octolasion cyaneum,Eukaryota,Annelida,Clitellata,Crassiclitellata,Lumbricidae,Octolasion,Octolasion cyaneum,edaphic
Octolasion,Eukaryota,Annelida,Clitellata,Crassiclitellata,Lumbricidae,Octolasion,NA,edaphic
Aporrectodea limicola,Eukaryota,Annelida,Clitellata,Crassiclitellata,Lumbricidae,Aporrectodea,Aporrectodea limicola,edaphic
Aporrectodea,Eukaryota,Annelida,Clitellata,Crassiclitellata,Lumbricidae,Aporrectodea,NA,edaphic
Eiseniella tetraedra,Eukaryota,Annelida,Clitellata,Crassiclitellata,Lumbricidae,Eiseniella,Eiseniella tetraedra,edaphic
Dendrobaena attemsi,Eukaryota,Annelida,Clitellata,Crassiclitellata,Lumbricidae,Dendrobaena,Dendrobaena attemsi,edaphic
Dendrobaena,Eukaryota,Annelida,Clitellata,Crassiclitellata,Lumbricidae,Dendrobaena,NA,edaphic
Octolasion tyrtaeum,Eukaryota,Annelida,Clitellata,Crassiclitellata,Lumbricidae,Octolasion,Octolasion tyrtaeum,edaphic
Allolobophora chlorotica,Eukaryota,Annelida,Clitellata,Crassiclitellata,Lumbricidae,Allolobophora,Allolobophora chlorotica,edaphic
Lumbricus rubellus,Eukaryota,Annelida,Clitellata,Crassiclitellata,Lumbricidae,Lumbricus,Lumbricus rubellus,edaphic
Bimastos rubidus,Eukaryota,Annelida,Clitellata,Crassiclitellata,Lumbricidae,Bimastos,Bimastos rubidus,edaphic
Aporrectodea nocturna,Eukaryota,Annelida,Clitellata,Crassiclitellata,Lumbricidae,Aporrectodea,Aporrectodea nocturna,edaphic
Aporrectodea rosea,Eukaryota,Annelida,Clitellata,Crassiclitellata,Lumbricidae,Aporrectodea,Aporrectodea rosea,edaphic
Dendrobaena octaedra,Eukaryota,Annelida,Clitellata,Crassiclitellata,Lumbricidae,Dendrobaena,Dendrobaena octaedra,edaphic
Aporrectodea icterica,Eukaryota,Annelida,Clitellata,Crassiclitellata,Lumbricidae,Aporrectodea,Aporrectodea icterica,edaphic
Bimastos,Eukaryota,Annelida,Clitellata,Crassiclitellata,Lumbricidae,Bimastos,NA,edaphic
Allolobophora,Eukaryota,Annelida,Clitellata,Crassiclitellata,Lumbricidae,Allolobophora,NA,edaphic
Aporrectodea caliginosa,Eukaryota,Annelida,Clitellata,Crassiclitellata,Lumbricidae,Aporrectodea,Aporrectodea caliginosa,edaphic
Eisenia fetida,Eukaryota,Annelida,Clitellata,Crassiclitellata,Lumbricidae,Eisenia,Eisenia fetida,edaphic
Murchieona minuscula,Eukaryota,Annelida,Clitellata,Crassiclitellata,Lumbricidae,Murchieona,Murchieona minuscula,edaphic
Microscolex phosphoreus,Eukaryota,Annelida,Clitellata,Crassiclitellata,Megascolecidae,Microscolex,Microscolex phosphoreus,edaphic
Buchholzia,Eukaryota,Annelida,Clitellata,Enchytraeida,Enchytraeidae,Buchholzia,NA,edaphic
Enchytraeidae,Eukaryota,Annelida,Clitellata,Enchytraeida,Enchytraeidae,NA,NA,edaphic
Enchytraeus bulbosus,Eukaryota,Annelida,Clitellata,Enchytraeida,Enchytraeidae,Enchytraeus,Enchytraeus bulbosus,edaphic
Enchytraeus,Eukaryota,Annelida,Clitellata,Enchytraeida,Enchytraeidae,Enchytraeus,NA,edaphic
Fridericia,Eukaryota,Annelida,Clitellata,Enchytraeida,Enchytraeidae,Fridericia,NA,edaphic
Lumbricillus,Eukaryota,Annelida,Clitellata,Enchytraeida,Enchytraeidae,Lumbricillus,NA,edaphic
Fridericia paroniana,Eukaryota,Annelida,Clitellata,Enchytraeida,Enchytraeidae,Fridericia,Fridericia paroniana,edaphic
Buchholzia appendiculata,Eukaryota,Annelida,Clitellata,Enchytraeida,Enchytraeidae,Buchholzia,Buchholzia appendiculata,edaphic
Achaeta danica,Eukaryota,Annelida,Clitellata,Enchytraeida,Enchytraeidae,Achaeta,Achaeta danica,edaphic
Fridericia granulocyta,Eukaryota,Annelida,Clitellata,Enchytraeida,Enchytraeidae,Fridericia,Fridericia granulocyta,edaphic
Fridericia eiseni,Eukaryota,Annelida,Clitellata,Enchytraeida,Enchytraeidae,Fridericia,Fridericia eiseni,edaphic
Globulidrilus,Eukaryota,Annelida,Clitellata,Enchytraeida,Enchytraeidae,Globulidrilus,NA,edaphic
Lumbricillus semifuscus,Eukaryota,Annelida,Clitellata,Enchytraeida,Enchytraeidae,Lumbricillus,Lumbricillus semifuscus,edaphic
Fridericia ratzeli,Eukaryota,Annelida,Clitellata,Enchytraeida,Enchytraeidae,Fridericia,Fridericia ratzeli,edaphic
Achaeta iberica,Eukaryota,Annelida,Clitellata,Enchytraeida,Enchytraeidae,Achaeta,Achaeta iberica,edaphic
Achaeta,Eukaryota,Annelida,Clitellata,Enchytraeida,Enchytraeidae,Achaeta,NA,edaphic
Henlea,Eukaryota,Annelida,Clitellata,Enchytraeida,Enchytraeidae,Henlea,NA,edaphic
Marionina coatesae,Eukaryota,Annelida,Clitellata,Enchytraeida,Enchytraeidae,Marionina,Marionina coatesae,edaphic
Fridericia sylvatica,Eukaryota,Annelida,Clitellata,Enchytraeida,Enchytraeidae,Fridericia,Fridericia sylvatica,edaphic
Fridericia christeri,Eukaryota,Annelida,Clitellata,Enchytraeida,Enchytraeidae,Fridericia,Fridericia christeri,edaphic
Cognettia chlorophila,Eukaryota,Annelida,Clitellata,Enchytraeida,Enchytraeidae,Cognettia,Cognettia chlorophila,edaphic
Enchytraeus buchholzi,Eukaryota,Annelida,Clitellata,Enchytraeida,Enchytraeidae,Enchytraeus,Enchytraeus buchholzi,edaphic
Globulidrilus riparius,Eukaryota,Annelida,Clitellata,Enchytraeida,Enchytraeidae,Globulidrilus,Globulidrilus riparius,edaphic
Cognettia,Eukaryota,Annelida,Clitellata,Enchytraeida,Enchytraeidae,Cognettia,NA,edaphic
Fridericia tuberosa,Eukaryota,Annelida,Clitellata,Enchytraeida,Enchytraeidae,Fridericia,Fridericia tuberosa,edaphic
Stercutus,Eukaryota,Annelida,Clitellata,Enchytraeida,Enchytraeidae,Stercutus,NA,edaphic
Enchytraeus lacteus,Eukaryota,Annelida,Clitellata,Enchytraeida,Enchytraeidae,Enchytraeus,Enchytraeus lacteus,edaphic
Henlea perpusilla,Eukaryota,Annelida,Clitellata,Enchytraeida,Enchytraeidae,Henlea,Henlea perpusilla,edaphic
Stercutus niveus,Eukaryota,Annelida,Clitellata,Enchytraeida,Enchytraeidae,Stercutus,Stercutus niveus,edaphic
Mesenchytraeus pelicensis,Eukaryota,Annelida,Clitellata,Enchytraeida,Enchytraeidae,Mesenchytraeus,Mesenchytraeus pelicensis,edaphic
Erpobdella,Eukaryota,Annelida,Clitellata,Hirudinida,Erpobdellidae,Erpobdella,NA,Aquatic
Erpobdella testacea,Eukaryota,Annelida,Clitellata,Hirudinida,Erpobdellidae,Erpobdella,Erpobdella testacea,Aquatic
Naididae,Eukaryota,Annelida,Clitellata,Tubificida,Naididae,NA,NA,edaphic
Chaetogaster,Eukaryota,Annelida,Clitellata,Tubificida,Naididae,Chaetogaster,NA,edaphic
Rhyacodrilus falciformis,Eukaryota,Annelida,Clitellata,Tubificida,Naididae,Rhyacodrilus,Rhyacodrilus falciformis,edaphic
Tubifex montanus,Eukaryota,Annelida,Clitellata,Tubificida,Naididae,Tubifex,Tubifex montanus,edaphic
Clubiona terrestris,Eukaryota,Arthropoda,Arachnida,Araneae,Clubionidae,Clubiona,Clubiona terrestris,epigeic
Meioneta,Eukaryota,Arthropoda,Arachnida,Araneae,Linyphiidae,Meioneta,NA,flying
Meioneta jacksoni,Eukaryota,Arthropoda,Arachnida,Araneae,Linyphiidae,Meioneta,Meioneta jacksoni,flying
Mermessus trilobatus,Eukaryota,Arthropoda,Arachnida,Araneae,Linyphiidae,Mermessus,Mermessus trilobatus,flying
Trochosa terricola,Eukaryota,Arthropoda,Arachnida,Araneae,Lycosidae,Trochosa,Trochosa terricola,flying
Phlegra fasciata,Eukaryota,Arthropoda,Arachnida,Araneae,Salticidae,Phlegra,Phlegra fasciata,flying
Neon,Eukaryota,Arthropoda,Arachnida,Araneae,Salticidae,Neon,NA,epigeic
Ameroseius corbiculus,Eukaryota,Arthropoda,Arachnida,Mesostigmata,Ameroseiidae,Ameroseius,Ameroseius corbiculus,edaphic
Macrocheles glaber,Eukaryota,Arthropoda,Arachnida,Mesostigmata,Macrochelidae,Macrocheles,Macrocheles glaber,edaphic
Macrocheles,Eukaryota,Arthropoda,Arachnida,Mesostigmata,Macrochelidae,Macrocheles,NA,edaphic
Cycetogamasus diviortus,Eukaryota,Arthropoda,Arachnida,Mesostigmata,Parasitidae,Cycetogamasus,Cycetogamasus diviortus,edaphic
Pergamasus mirabilis,Eukaryota,Arthropoda,Arachnida,Mesostigmata,Parasitidae,Pergamasus,Pergamasus mirabilis,edaphic
Pergamasus misellus,Eukaryota,Arthropoda,Arachnida,Mesostigmata,Parasitidae,Pergamasus,Pergamasus misellus,edaphic
Pergamasus vagabundus,Eukaryota,Arthropoda,Arachnida,Mesostigmata,Parasitidae,Pergamasus,Pergamasus vagabundus,edaphic
Neoseiulus agrestis,Eukaryota,Arthropoda,Arachnida,Mesostigmata,Phytoseiidae,Neoseiulus,Neoseiulus agrestis,edaphic
Amblyseius,Eukaryota,Arthropoda,Arachnida,Mesostigmata,Phytoseiidae,Amblyseius,NA,edaphic
Rhodacaridae,Eukaryota,Arthropoda,Arachnida,Mesostigmata,Rhodacaridae,NA,NA,edaphic
Rhodacarellus,Eukaryota,Arthropoda,Arachnida,Mesostigmata,Rhodacaridae,Rhodacarellus,NA,edaphic
Trachytes aegrota,Eukaryota,Arthropoda,Arachnida,Mesostigmata,Trachytidae,Trachytes,Trachytes aegrota,edaphic
Veigaiidae,Eukaryota,Arthropoda,Arachnida,Mesostigmata,Veigaiidae,NA,NA,edaphic
Phalangium,Eukaryota,Arthropoda,Arachnida,Opiliones,Phalangiidae,Phalangium,NA,epigeic
Phalangiidae,Eukaryota,Arthropoda,Arachnida,Opiliones,Phalangiidae,NA,NA,epigeic
Brachychthoniidae,Eukaryota,Arthropoda,Arachnida,Sarcoptiformes,Brachychthoniidae,NA,NA,edaphic
Trichoribates,Eukaryota,Arthropoda,Arachnida,Sarcoptiformes,Ceratozetidae,Trichoribates,NA,edaphic
Trichoribates incisellus,Eukaryota,Arthropoda,Arachnida,Sarcoptiformes,Ceratozetidae,Trichoribates,Trichoribates incisellus,edaphic
Galumna obvia,Eukaryota,Arthropoda,Arachnida,Sarcoptiformes,Galumnidae,Galumna,Galumna obvia,edaphic
Tectocepheus,Eukaryota,Arthropoda,Arachnida,Sarcoptiformes,Tectocepheidae,Tectocepheus,NA,edaphic
Tectocepheus velatus,Eukaryota,Arthropoda,Arachnida,Sarcoptiformes,Tectocepheidae,Tectocepheus,Tectocepheus velatus,edaphic
Tectocepheus sarekensis,Eukaryota,Arthropoda,Arachnida,Sarcoptiformes,Tectocepheidae,Tectocepheus,Tectocepheus sarekensis,edaphic
Anystis baccarum,Eukaryota,Arthropoda,Arachnida,Trombidiformes,Anystidae,Anystis,Anystis baccarum,edaphic
Anystis agilis,Eukaryota,Arthropoda,Arachnida,Trombidiformes,Anystidae,Anystis,Anystis agilis,edaphic
Anystidae,Eukaryota,Arthropoda,Arachnida,Trombidiformes,Anystidae,NA,NA,epigeic
Anystis,Eukaryota,Arthropoda,Arachnida,Trombidiformes,Anystidae,Anystis,NA,edaphic
Bdellidae,Eukaryota,Arthropoda,Arachnida,Trombidiformes,Bdellidae,NA,NA,edaphic
Cyta latirostris,Eukaryota,Arthropoda,Arachnida,Trombidiformes,Bdellidae,Cyta,Cyta latirostris,edaphic
Cyta,Eukaryota,Arthropoda,Arachnida,Trombidiformes,Bdellidae,Cyta,NA,edaphic
Cryptognathidae,Eukaryota,Arthropoda,Arachnida,Trombidiformes,Cryptognathidae,NA,NA,edaphic
Eriophyidae,Eukaryota,Arthropoda,Arachnida,Trombidiformes,Eriophyidae,NA,NA,edaphic
Eupodidae,Eukaryota,Arthropoda,Arachnida,Trombidiformes,Eupodidae,NA,NA,edaphic
Eupodes,Eukaryota,Arthropoda,Arachnida,Trombidiformes,Eupodidae,Eupodes,NA,edaphic
Penthaleus,Eukaryota,Arthropoda,Arachnida,Trombidiformes,Penthaleidae,Penthaleus,NA,edaphic
Allothrombium fuliginosum,Eukaryota,Arthropoda,Arachnida,Trombidiformes,Trombidiidae,Allothrombium,Allothrombium fuliginosum,edaphic
Chydoridae,Eukaryota,Arthropoda,Branchiopoda,Diplostraca,Chydoridae,NA,NA,Aquatic
Daphnia,Eukaryota,Arthropoda,Branchiopoda,Diplostraca,Daphniidae,Daphnia,NA,Aquatic
Daphnia pulex,Eukaryota,Arthropoda,Branchiopoda,Diplostraca,Daphniidae,Daphnia,Daphnia pulex,Aquatic
Daphnia pulicaria,Eukaryota,Arthropoda,Branchiopoda,Diplostraca,Daphniidae,Daphnia,Daphnia pulicaria,Aquatic
Simocephalus exspinosus,Eukaryota,Arthropoda,Branchiopoda,Diplostraca,Daphniidae,Simocephalus,Simocephalus exspinosus,Aquatic
Daphnia curvirostris,Eukaryota,Arthropoda,Branchiopoda,Diplostraca,Daphniidae,Daphnia,Daphnia curvirostris,Aquatic
Ceriodaphnia quadrangula,Eukaryota,Arthropoda,Branchiopoda,Diplostraca,Daphniidae,Ceriodaphnia,Ceriodaphnia quadrangula,Aquatic
Daphnia obtusa,Eukaryota,Arthropoda,Branchiopoda,Diplostraca,Daphniidae,Daphnia,Daphnia obtusa,Aquatic
Daphniidae,Eukaryota,Arthropoda,Branchiopoda,Diplostraca,Daphniidae,NA,NA,Aquatic
Eurycercus lamellatus,Eukaryota,Arthropoda,Branchiopoda,Diplostraca,Eurycercidae,Eurycercus,Eurycercus lamellatus,Aquatic
Stenotaenia linearis,Eukaryota,Arthropoda,Chilopoda,Geophilomorpha,Geophilidae,Stenotaenia,Stenotaenia linearis,epigeic
Geophilus flavus,Eukaryota,Arthropoda,Chilopoda,Geophilomorpha,Geophilidae,Geophilus,Geophilus flavus,epigeic
Geophilus,Eukaryota,Arthropoda,Chilopoda,Geophilomorpha,Geophilidae,Geophilus,NA,epigeic
Himantariidae,Eukaryota,Arthropoda,Chilopoda,Geophilomorpha,Himantariidae,NA,NA,epigeic
Lithobius,Eukaryota,Arthropoda,Chilopoda,Lithobiomorpha,Lithobiidae,Lithobius,NA,epigeic
Lithobius microps,Eukaryota,Arthropoda,Chilopoda,Lithobiomorpha,Lithobiidae,Lithobius,Lithobius microps,epigeic
Lithobius forficatus,Eukaryota,Arthropoda,Chilopoda,Lithobiomorpha,Lithobiidae,Lithobius,Lithobius forficatus,epigeic
Willowsia,Eukaryota,Arthropoda,Collembola,Entomobryomorpha,Entomobryidae,Willowsia,NA,edaphic
Entomobryidae,Eukaryota,Arthropoda,Collembola,Entomobryomorpha,Entomobryidae,NA,NA,edaphic
Lepidocyrtus,Eukaryota,Arthropoda,Collembola,Entomobryomorpha,Entomobryidae,Lepidocyrtus,NA,edaphic
Pseudosinella,Eukaryota,Arthropoda,Collembola,Entomobryomorpha,Entomobryidae,Pseudosinella,NA,edaphic
Entomobrya,Eukaryota,Arthropoda,Collembola,Entomobryomorpha,Entomobryidae,Entomobrya,NA,edaphic
Heteromurus major,Eukaryota,Arthropoda,Collembola,Entomobryomorpha,Entomobryidae,Heteromurus,Heteromurus major,edaphic
Entomobrya nivalis,Eukaryota,Arthropoda,Collembola,Entomobryomorpha,Entomobryidae,Entomobrya,Entomobrya nivalis,edaphic
Entomobrya atrocincta,Eukaryota,Arthropoda,Collembola,Entomobryomorpha,Entomobryidae,Entomobrya,Entomobrya atrocincta,edaphic
Willowsia nigromaculata,Eukaryota,Arthropoda,Collembola,Entomobryomorpha,Entomobryidae,Willowsia,Willowsia nigromaculata,edaphic
Willowsia buskii,Eukaryota,Arthropoda,Collembola,Entomobryomorpha,Entomobryidae,Willowsia,Willowsia buskii,edaphic
Heteromurus,Eukaryota,Arthropoda,Collembola,Entomobryomorpha,Entomobryidae,Heteromurus,NA,edaphic
Entomobrya marginata,Eukaryota,Arthropoda,Collembola,Entomobryomorpha,Entomobryidae,Entomobrya,Entomobrya marginata,edaphic
Pseudosinella alba,Eukaryota,Arthropoda,Collembola,Entomobryomorpha,Entomobryidae,Pseudosinella,Pseudosinella alba,edaphic
Lepidocyrtus pallidus,Eukaryota,Arthropoda,Collembola,Entomobryomorpha,Entomobryidae,Lepidocyrtus,Lepidocyrtus pallidus,edaphic
Desoria,Eukaryota,Arthropoda,Collembola,Entomobryomorpha,Isotomidae,Desoria,NA,edaphic
Vertagopus arboreus,Eukaryota,Arthropoda,Collembola,Entomobryomorpha,Isotomidae,Vertagopus,Vertagopus arboreus,edaphic
Parisotoma,Eukaryota,Arthropoda,Collembola,Entomobryomorpha,Isotomidae,Parisotoma,NA,edaphic
Hemisotoma,Eukaryota,Arthropoda,Collembola,Entomobryomorpha,Isotomidae,Hemisotoma,NA,edaphic
Isotoma viridis,Eukaryota,Arthropoda,Collembola,Entomobryomorpha,Isotomidae,Isotoma,Isotoma viridis,edaphic
Isotomidae,Eukaryota,Arthropoda,Collembola,Entomobryomorpha,Isotomidae,NA,NA,edaphic
Hemisotoma thermophila,Eukaryota,Arthropoda,Collembola,Entomobryomorpha,Isotomidae,Hemisotoma,Hemisotoma thermophila,edaphic
Isotomurus unifasciatus,Eukaryota,Arthropoda,Collembola,Entomobryomorpha,Isotomidae,Isotomurus,Isotomurus unifasciatus,edaphic
Isotoma,Eukaryota,Arthropoda,Collembola,Entomobryomorpha,Isotomidae,Isotoma,NA,edaphic
Folsomia,Eukaryota,Arthropoda,Collembola,Entomobryomorpha,Isotomidae,Folsomia,NA,edaphic
Parisotoma notabilis,Eukaryota,Arthropoda,Collembola,Entomobryomorpha,Isotomidae,Parisotoma,Parisotoma notabilis,edaphic
Folsomia fimetaria,Eukaryota,Arthropoda,Collembola,Entomobryomorpha,Isotomidae,Folsomia,Folsomia fimetaria,edaphic
Folsomia candida,Eukaryota,Arthropoda,Collembola,Entomobryomorpha,Isotomidae,Folsomia,Folsomia candida,edaphic
Desoria grisea,Eukaryota,Arthropoda,Collembola,Entomobryomorpha,Isotomidae,Desoria,Desoria grisea,edaphic
Orchesella,Eukaryota,Arthropoda,Collembola,Entomobryomorpha,Orchesellidae,Orchesella,NA,edaphic
Tomoceridae,Eukaryota,Arthropoda,Collembola,Entomobryomorpha,Tomoceridae,NA,NA,edaphic
Neelidae,Eukaryota,Arthropoda,Collembola,Neelipleona,Neelidae,NA,NA,edaphic
Megalothorax perspicillum,Eukaryota,Arthropoda,Collembola,Neelipleona,Neelidae,Megalothorax,Megalothorax perspicillum,edaphic
Megalothorax,Eukaryota,Arthropoda,Collembola,Neelipleona,Neelidae,Megalothorax,NA,edaphic
Megalothorax incertus,Eukaryota,Arthropoda,Collembola,Neelipleona,Neelidae,Megalothorax,Megalothorax incertus,edaphic
Megalothorax boerneri,Eukaryota,Arthropoda,Collembola,Neelipleona,Neelidae,Megalothorax,Megalothorax boerneri,edaphic
Megalothorax willemi,Eukaryota,Arthropoda,Collembola,Neelipleona,Neelidae,Megalothorax,Megalothorax willemi,edaphic
Brachystomella,Eukaryota,Arthropoda,Collembola,Poduromorpha,Brachystomellidae,Brachystomella,NA,edaphic
Brachystomellidae,Eukaryota,Arthropoda,Collembola,Poduromorpha,Brachystomellidae,NA,NA,edaphic
Ceratophysella zhangi,Eukaryota,Arthropoda,Collembola,Poduromorpha,Hypogastruridae,Ceratophysella,Ceratophysella zhangi,edaphic
Hypogastruridae,Eukaryota,Arthropoda,Collembola,Poduromorpha,Hypogastruridae,NA,NA,edaphic
Ceratophysella,Eukaryota,Arthropoda,Collembola,Poduromorpha,Hypogastruridae,Ceratophysella,NA,edaphic
Hypogastrura,Eukaryota,Arthropoda,Collembola,Poduromorpha,Hypogastruridae,Hypogastrura,NA,edaphic
Hypogastrura purpurescens,Eukaryota,Arthropoda,Collembola,Poduromorpha,Hypogastruridae,Hypogastrura,Hypogastrura purpurescens,edaphic
Schoettella,Eukaryota,Arthropoda,Collembola,Poduromorpha,Hypogastruridae,Schoettella,NA,edaphic
Choreutinula,Eukaryota,Arthropoda,Collembola,Poduromorpha,Hypogastruridae,Choreutinula,NA,edaphic
Ceratophysella communis,Eukaryota,Arthropoda,Collembola,Poduromorpha,Hypogastruridae,Ceratophysella,Ceratophysella communis,edaphic
Schoettella ununguiculata,Eukaryota,Arthropoda,Collembola,Poduromorpha,Hypogastruridae,Schoettella,Schoettella ununguiculata,edaphic
Friesea claviseta,Eukaryota,Arthropoda,Collembola,Poduromorpha,Neanuridae,Friesea,Friesea claviseta,edaphic
Friesea,Eukaryota,Arthropoda,Collembola,Poduromorpha,Neanuridae,Friesea,NA,edaphic
Bilobella,Eukaryota,Arthropoda,Collembola,Poduromorpha,Neanuridae,Bilobella,NA,edaphic
Neanuridae,Eukaryota,Arthropoda,Collembola,Poduromorpha,Neanuridae,NA,NA,edaphic
Onychiuridae,Eukaryota,Arthropoda,Collembola,Poduromorpha,Onychiuridae,NA,NA,edaphic
Thalassaphorura,Eukaryota,Arthropoda,Collembola,Poduromorpha,Onychiuridae,Thalassaphorura,NA,edaphic
Protaphorura,Eukaryota,Arthropoda,Collembola,Poduromorpha,Onychiuridae,Protaphorura,NA,edaphic
Protaphorura sholai,Eukaryota,Arthropoda,Collembola,Poduromorpha,Onychiuridae,Protaphorura,Protaphorura sholai,edaphic
Bionychiurus tamilensis,Eukaryota,Arthropoda,Collembola,Poduromorpha,Onychiuridae,Bionychiurus,Bionychiurus tamilensis,edaphic
Onychiurus,Eukaryota,Arthropoda,Collembola,Poduromorpha,Onychiuridae,Onychiurus,NA,edaphic
Mesaphorura,Eukaryota,Arthropoda,Collembola,Poduromorpha,Tullbergiidae,Mesaphorura,NA,edaphic
Tullbergiidae,Eukaryota,Arthropoda,Collembola,Poduromorpha,Tullbergiidae,NA,NA,edaphic
Mesaphorura hylophila,Eukaryota,Arthropoda,Collembola,Poduromorpha,Tullbergiidae,Mesaphorura,Mesaphorura hylophila,edaphic
Mesaphorura macrochaeta,Eukaryota,Arthropoda,Collembola,Poduromorpha,Tullbergiidae,Mesaphorura,Mesaphorura macrochaeta,edaphic
Mesaphorura krausbaueri,Eukaryota,Arthropoda,Collembola,Poduromorpha,Tullbergiidae,Mesaphorura,Mesaphorura krausbaueri,edaphic
Stenaphorura,Eukaryota,Arthropoda,Collembola,Poduromorpha,Tullbergiidae,Stenaphorura,NA,edaphic
Metaphorura,Eukaryota,Arthropoda,Collembola,Poduromorpha,Tullbergiidae,Metaphorura,NA,edaphic
Dicyrtomina,Eukaryota,Arthropoda,Collembola,Symphypleona,Dicyrtomidae,Dicyrtomina,NA,edaphic
Dicyrtomidae,Eukaryota,Arthropoda,Collembola,Symphypleona,Dicyrtomidae,NA,NA,edaphic
Dicyrtomina ornata,Eukaryota,Arthropoda,Collembola,Symphypleona,Dicyrtomidae,Dicyrtomina,Dicyrtomina ornata,edaphic
Katiannidae,Eukaryota,Arthropoda,Collembola,Symphypleona,Katiannidae,NA,NA,edaphic
Sminthurinus,Eukaryota,Arthropoda,Collembola,Symphypleona,Katiannidae,Sminthurinus,NA,edaphic
Gisinianus flammeolus,Eukaryota,Arthropoda,Collembola,Symphypleona,Katiannidae,Gisinianus,Gisinianus flammeolus,edaphic
Gisinianus,Eukaryota,Arthropoda,Collembola,Symphypleona,Katiannidae,Gisinianus,NA,edaphic
Brachychaeteumatidae,Eukaryota,Arthropoda,Diplopoda,Chordeumatida,Brachychaeteumatidae,NA,NA,epigeic
Brachychaeteuma,Eukaryota,Arthropoda,Diplopoda,Chordeumatida,Brachychaeteumatidae,Brachychaeteuma,NA,epigeic
Orthochordeumella pallida,Eukaryota,Arthropoda,Diplopoda,Chordeumatida,Chordeumatidae,Orthochordeumella,Orthochordeumella pallida,epigeic
Melogona,Eukaryota,Arthropoda,Diplopoda,Chordeumatida,Chordeumatidae,Melogona,NA,epigeic
Chordeumatidae,Eukaryota,Arthropoda,Diplopoda,Chordeumatida,Chordeumatidae,NA,NA,epigeic
Melogona voigti,Eukaryota,Arthropoda,Diplopoda,Chordeumatida,Chordeumatidae,Melogona,Melogona voigti,epigeic
Haaseidae,Eukaryota,Arthropoda,Diplopoda,Chordeumatida,Haaseidae,NA,NA,epigeic
Choneiulus,Eukaryota,Arthropoda,Diplopoda,Julida,Blaniulidae,Choneiulus,NA,epigeic
Choneiulus palmatus,Eukaryota,Arthropoda,Diplopoda,Julida,Blaniulidae,Choneiulus,Choneiulus palmatus,epigeic
Oxidus gracilis,Eukaryota,Arthropoda,Diplopoda,Polydesmida,Paradoxosomatidae,Oxidus,Oxidus gracilis,epigeic
Oxidus,Eukaryota,Arthropoda,Diplopoda,Polydesmida,Paradoxosomatidae,Oxidus,NA,epigeic
Polyxenus lagurus,Eukaryota,Arthropoda,Diplopoda,Polyxenida,Polyxenidae,Polyxenus,Polyxenus lagurus,epigeic
Diacyclops bicuspidatus,Eukaryota,Arthropoda,Hexanauplia,Cyclopoida,Cyclopidae,Diacyclops,Diacyclops bicuspidatus,Aquatic
Eucyclops,Eukaryota,Arthropoda,Hexanauplia,Cyclopoida,Cyclopidae,Eucyclops,NA,Aquatic
Eucyclops serrulatus,Eukaryota,Arthropoda,Hexanauplia,Cyclopoida,Cyclopidae,Eucyclops,Eucyclops serrulatus,Aquatic
Ectobiidae,Eukaryota,Arthropoda,Insecta,Blattodea,Ectobiidae,NA,NA,epigeic
Anommatus duodecimstriatus,Eukaryota,Arthropoda,Insecta,Coleoptera,Bothrideridae,Anommatus,Anommatus duodecimstriatus,epigeic
Malthodes,Eukaryota,Arthropoda,Insecta,Coleoptera,Cantharidae,Malthodes,NA,flying
Malthodes pumilus,Eukaryota,Arthropoda,Insecta,Coleoptera,Cantharidae,Malthodes,Malthodes pumilus,flying
Harpalus rubripes,Eukaryota,Arthropoda,Insecta,Coleoptera,Carabidae,Harpalus,Harpalus rubripes,epigeic
Bradycellus csikii,Eukaryota,Arthropoda,Insecta,Coleoptera,Carabidae,Bradycellus,Bradycellus csikii,epigeic
Carabidae,Eukaryota,Arthropoda,Insecta,Coleoptera,Carabidae,NA,NA,epigeic
Agonum muelleri,Eukaryota,Arthropoda,Insecta,Coleoptera,Carabidae,Agonum,Agonum muelleri,epigeic
Tachyura parvula,Eukaryota,Arthropoda,Insecta,Coleoptera,Carabidae,Tachyura,Tachyura parvula,epigeic
Pterostichus diligens,Eukaryota,Arthropoda,Insecta,Coleoptera,Carabidae,Pterostichus,Pterostichus diligens,epigeic
Bembidion,Eukaryota,Arthropoda,Insecta,Coleoptera,Carabidae,Bembidion,NA,epigeic
Badister,Eukaryota,Arthropoda,Insecta,Coleoptera,Carabidae,Badister,NA,epigeic
Acupalpus flavicollis,Eukaryota,Arthropoda,Insecta,Coleoptera,Carabidae,Acupalpus,Acupalpus flavicollis,epigeic
Anisodactylus,Eukaryota,Arthropoda,Insecta,Coleoptera,Carabidae,Anisodactylus,NA,epigeic
Anisodactylus binotatus,Eukaryota,Arthropoda,Insecta,Coleoptera,Carabidae,Anisodactylus,Anisodactylus binotatus,epigeic
Amara sinuosa,Eukaryota,Arthropoda,Insecta,Coleoptera,Carabidae,Amara,Amara sinuosa,epigeic
Parophonus maculicornis,Eukaryota,Arthropoda,Insecta,Coleoptera,Carabidae,Parophonus,Parophonus maculicornis,epigeic
Elaphropus quadrisignatus,Eukaryota,Arthropoda,Insecta,Coleoptera,Carabidae,Elaphropus,Elaphropus quadrisignatus,epigeic
Bembidion quadrimaculatum,Eukaryota,Arthropoda,Insecta,Coleoptera,Carabidae,Bembidion,Bembidion quadrimaculatum,epigeic
Amara aenea,Eukaryota,Arthropoda,Insecta,Coleoptera,Carabidae,Amara,Amara aenea,epigeic
Stenolophus,Eukaryota,Arthropoda,Insecta,Coleoptera,Carabidae,Stenolophus,NA,epigeic
Stenolophus teutonus,Eukaryota,Arthropoda,Insecta,Coleoptera,Carabidae,Stenolophus,Stenolophus teutonus,epigeic
Paratachys bistriatus,Eukaryota,Arthropoda,Insecta,Coleoptera,Carabidae,Paratachys,Paratachys bistriatus,epigeic
Pterostichus vernalis,Eukaryota,Arthropoda,Insecta,Coleoptera,Carabidae,Pterostichus,Pterostichus vernalis,epigeic
Anchomenus dorsalis,Eukaryota,Arthropoda,Insecta,Coleoptera,Carabidae,Anchomenus,Anchomenus dorsalis,epigeic
Chaetocnema,Eukaryota,Arthropoda,Insecta,Coleoptera,Chrysomelidae,Chaetocnema,NA,flying
Longitarsus exsoletus,Eukaryota,Arthropoda,Insecta,Coleoptera,Chrysomelidae,Longitarsus,Longitarsus exsoletus,flying
Crepidodera pluta,Eukaryota,Arthropoda,Insecta,Coleoptera,Chrysomelidae,Crepidodera,Crepidodera pluta,flying
Aphthona abdominalis,Eukaryota,Arthropoda,Insecta,Coleoptera,Chrysomelidae,Aphthona,Aphthona abdominalis,flying
Crepidodera aurata,Eukaryota,Arthropoda,Insecta,Coleoptera,Chrysomelidae,Crepidodera,Crepidodera aurata,flying
Longitarsus pulmonariae,Eukaryota,Arthropoda,Insecta,Coleoptera,Chrysomelidae,Longitarsus,Longitarsus pulmonariae,flying
Lythraria salicariae,Eukaryota,Arthropoda,Insecta,Coleoptera,Chrysomelidae,Lythraria,Lythraria salicariae,flying
Lythraria,Eukaryota,Arthropoda,Insecta,Coleoptera,Chrysomelidae,Lythraria,NA,flying
Altica,Eukaryota,Arthropoda,Insecta,Coleoptera,Chrysomelidae,Altica,NA,flying
Altica oleracea,Eukaryota,Arthropoda,Insecta,Coleoptera,Chrysomelidae,Altica,Altica oleracea,flying
Chaetocnema hortensis,Eukaryota,Arthropoda,Insecta,Coleoptera,Chrysomelidae,Chaetocnema,Chaetocnema hortensis,flying
Scymnus frontalis,Eukaryota,Arthropoda,Insecta,Coleoptera,Coccinellidae,Scymnus,Scymnus frontalis,flying
Scymnus,Eukaryota,Arthropoda,Insecta,Coleoptera,Coccinellidae,Scymnus,NA,flying
Otiorhynchus crataegi,Eukaryota,Arthropoda,Insecta,Coleoptera,Curculionidae,Otiorhynchus,Otiorhynchus crataegi,flying
Otiorhynchus,Eukaryota,Arthropoda,Insecta,Coleoptera,Curculionidae,Otiorhynchus,NA,flying
Otiorhynchus meridionalis,Eukaryota,Arthropoda,Insecta,Coleoptera,Curculionidae,Otiorhynchus,Otiorhynchus meridionalis,flying
Barypeithes pellucidus,Eukaryota,Arthropoda,Insecta,Coleoptera,Curculionidae,Barypeithes,Barypeithes pellucidus,flying
Sitona hispidulus,Eukaryota,Arthropoda,Insecta,Coleoptera,Curculionidae,Sitona,Sitona hispidulus,flying
Barypeithes,Eukaryota,Arthropoda,Insecta,Coleoptera,Curculionidae,Barypeithes,NA,flying
Curculionidae,Eukaryota,Arthropoda,Insecta,Coleoptera,Curculionidae,NA,NA,flying
Sciaphilus asperatus,Eukaryota,Arthropoda,Insecta,Coleoptera,Curculionidae,Sciaphilus,Sciaphilus asperatus,flying
Dryopidae,Eukaryota,Arthropoda,Insecta,Coleoptera,Dryopidae,NA,NA,flying
Dryops nitidulus,Eukaryota,Arthropoda,Insecta,Coleoptera,Dryopidae,Dryops,Dryops nitidulus,flying
Liopterus haemorrhoidalis,Eukaryota,Arthropoda,Insecta,Coleoptera,Dytiscidae,Liopterus,Liopterus haemorrhoidalis,flying
Hyphydrus ovatus,Eukaryota,Arthropoda,Insecta,Coleoptera,Dytiscidae,Hyphydrus,Hyphydrus ovatus,flying
Hyphydrus,Eukaryota,Arthropoda,Insecta,Coleoptera,Dytiscidae,Hyphydrus,NA,flying
Athous haemorrhoidalis,Eukaryota,Arthropoda,Insecta,Coleoptera,Elateridae,Athous,Athous haemorrhoidalis,flying
Athous,Eukaryota,Arthropoda,Insecta,Coleoptera,Elateridae,Athous,NA,flying
Limnius volckmari,Eukaryota,Arthropoda,Insecta,Coleoptera,Elmidae,Limnius,Limnius volckmari,flying
Haliplus heydeni,Eukaryota,Arthropoda,Insecta,Coleoptera,Haliplidae,Haliplus,Haliplus heydeni,flying
Hydraenidae,Eukaryota,Arthropoda,Insecta,Coleoptera,Hydraenidae,NA,NA,flying
Megasternum obscurum,Eukaryota,Arthropoda,Insecta,Coleoptera,Hydrophilidae,Megasternum,Megasternum obscurum,flying
Phosphaenus hemipterus,Eukaryota,Arthropoda,Insecta,Coleoptera,Lampyridae,Phosphaenus,Phosphaenus hemipterus,flying
Corticarina,Eukaryota,Arthropoda,Insecta,Coleoptera,Latridiidae,Corticarina,NA,flying
Corticarina similata,Eukaryota,Arthropoda,Insecta,Coleoptera,Latridiidae,Corticarina,Corticarina similata,flying
Berginus tamarisci,Eukaryota,Arthropoda,Insecta,Coleoptera,Mycetophagidae,Berginus,Berginus tamarisci,flying
Berginus,Eukaryota,Arthropoda,Insecta,Coleoptera,Mycetophagidae,Berginus,NA,flying
Epuraea melanocephala,Eukaryota,Arthropoda,Insecta,Coleoptera,Nitidulidae,Epuraea,Epuraea melanocephala,flying
Stelidota geminata,Eukaryota,Arthropoda,Insecta,Coleoptera,Nitidulidae,Stelidota,Stelidota geminata,flying
Genistogethes carinulatus,Eukaryota,Arthropoda,Insecta,Coleoptera,Nitidulidae,Genistogethes,Genistogethes carinulatus,flying
Oedemera lurida,Eukaryota,Arthropoda,Insecta,Coleoptera,Oedemeridae,Oedemera,Oedemera lurida,flying
Ptinus fur,Eukaryota,Arthropoda,Insecta,Coleoptera,Ptinidae,Ptinus,Ptinus fur,flying
Ptinus,Eukaryota,Arthropoda,Insecta,Coleoptera,Ptinidae,Ptinus,NA,flying
Hoplia philanthus,Eukaryota,Arthropoda,Insecta,Coleoptera,Scarabaeidae,Hoplia,Hoplia philanthus,flying
Amphimallon solstitiale,Eukaryota,Arthropoda,Insecta,Coleoptera,Scarabaeidae,Amphimallon,Amphimallon solstitiale,flying
Scirtes hemisphaericus,Eukaryota,Arthropoda,Insecta,Coleoptera,Scirtidae,Scirtes,Scirtes hemisphaericus,flying
Quedius levicollis,Eukaryota,Arthropoda,Insecta,Coleoptera,Staphylinidae,Quedius,Quedius levicollis,epigeic
Staphylinidae,Eukaryota,Arthropoda,Insecta,Coleoptera,Staphylinidae,NA,NA,epigeic
Quedius,Eukaryota,Arthropoda,Insecta,Coleoptera,Staphylinidae,Quedius,NA,epigeic
Mocyta,Eukaryota,Arthropoda,Insecta,Coleoptera,Staphylinidae,Mocyta,NA,epigeic
Tachyporus,Eukaryota,Arthropoda,Insecta,Coleoptera,Staphylinidae,Tachyporus,NA,epigeic
Mocyta fungi,Eukaryota,Arthropoda,Insecta,Coleoptera,Staphylinidae,Mocyta,Mocyta fungi,epigeic
Xantholinus longiventris,Eukaryota,Arthropoda,Insecta,Coleoptera,Staphylinidae,Xantholinus,Xantholinus longiventris,epigeic
Tachyporus nitidulus,Eukaryota,Arthropoda,Insecta,Coleoptera,Staphylinidae,Tachyporus,Tachyporus nitidulus,epigeic
Ischnosoma splendidum,Eukaryota,Arthropoda,Insecta,Coleoptera,Staphylinidae,Ischnosoma,Ischnosoma splendidum,epigeic
Amischa nigrofusca,Eukaryota,Arthropoda,Insecta,Coleoptera,Staphylinidae,Amischa,Amischa nigrofusca,epigeic
Scopaeus laevigatus,Eukaryota,Arthropoda,Insecta,Coleoptera,Staphylinidae,Scopaeus,Scopaeus laevigatus,epigeic
Cadaverota hansseni,Eukaryota,Arthropoda,Insecta,Coleoptera,Staphylinidae,Cadaverota,Cadaverota hansseni,epigeic
Ochthephilum,Eukaryota,Arthropoda,Insecta,Coleoptera,Staphylinidae,Ochthephilum,NA,epigeic
Othius laeviusculus,Eukaryota,Arthropoda,Insecta,Coleoptera,Staphylinidae,Othius,Othius laeviusculus,epigeic
Amischa forcipata,Eukaryota,Arthropoda,Insecta,Coleoptera,Staphylinidae,Amischa,Amischa forcipata,epigeic
Carpelimus corticinus,Eukaryota,Arthropoda,Insecta,Coleoptera,Staphylinidae,Carpelimus,Carpelimus corticinus,epigeic
Oligota pumilio,Eukaryota,Arthropoda,Insecta,Coleoptera,Staphylinidae,Oligota,Oligota pumilio,epigeic
Callicerus rigidicornis,Eukaryota,Arthropoda,Insecta,Coleoptera,Staphylinidae,Callicerus,Callicerus rigidicornis,epigeic
Xantholinus linearis,Eukaryota,Arthropoda,Insecta,Coleoptera,Staphylinidae,Xantholinus,Xantholinus linearis,epigeic
Cadaverota,Eukaryota,Arthropoda,Insecta,Coleoptera,Staphylinidae,Cadaverota,NA,epigeic
Philonthus cognatus,Eukaryota,Arthropoda,Insecta,Coleoptera,Staphylinidae,Philonthus,Philonthus cognatus,epigeic
Carpelimus,Eukaryota,Arthropoda,Insecta,Coleoptera,Staphylinidae,Carpelimus,NA,epigeic
Gabrius,Eukaryota,Arthropoda,Insecta,Coleoptera,Staphylinidae,Gabrius,NA,epigeic
Ochthephilum collare,Eukaryota,Arthropoda,Insecta,Coleoptera,Staphylinidae,Ochthephilum,Ochthephilum collare,epigeic
Metopsia gallica,Eukaryota,Arthropoda,Insecta,Coleoptera,Staphylinidae,Metopsia,Metopsia gallica,epigeic
Atheta crassicornis,Eukaryota,Arthropoda,Insecta,Coleoptera,Staphylinidae,Atheta,Atheta crassicornis,epigeic
Cypha,Eukaryota,Arthropoda,Insecta,Coleoptera,Staphylinidae,Cypha,NA,epigeic
Scopaeus,Eukaryota,Arthropoda,Insecta,Coleoptera,Staphylinidae,Scopaeus,NA,epigeic
Tachyporus abdominalis,Eukaryota,Arthropoda,Insecta,Coleoptera,Staphylinidae,Tachyporus,Tachyporus abdominalis,epigeic
Philhygra palustris,Eukaryota,Arthropoda,Insecta,Coleoptera,Staphylinidae,Philhygra,Philhygra palustris,epigeic
Lobrathium multipunctum,Eukaryota,Arthropoda,Insecta,Coleoptera,Staphylinidae,Lobrathium,Lobrathium multipunctum,epigeic
Tachyporus pusillus,Eukaryota,Arthropoda,Insecta,Coleoptera,Staphylinidae,Tachyporus,Tachyporus pusillus,epigeic
Cypha longicornis,Eukaryota,Arthropoda,Insecta,Coleoptera,Staphylinidae,Cypha,Cypha longicornis,epigeic
Drusilla,Eukaryota,Arthropoda,Insecta,Coleoptera,Staphylinidae,Drusilla,NA,epigeic
Medon fusculus,Eukaryota,Arthropoda,Insecta,Coleoptera,Staphylinidae,Medon,Medon fusculus,epigeic
Drusilla canaliculata,Eukaryota,Arthropoda,Insecta,Coleoptera,Staphylinidae,Drusilla,Drusilla canaliculata,epigeic
Quedius boopoides,Eukaryota,Arthropoda,Insecta,Coleoptera,Staphylinidae,Quedius,Quedius boopoides,epigeic
Agromyza pseudoreptans,Eukaryota,Arthropoda,Insecta,Diptera,Agromyzidae,Agromyza,Agromyza pseudoreptans,flying
Ophiomyia nasuta,Eukaryota,Arthropoda,Insecta,Diptera,Agromyzidae,Ophiomyia,Ophiomyia nasuta,flying
Agromyzidae,Eukaryota,Arthropoda,Insecta,Diptera,Agromyzidae,NA,NA,flying
Egle parva,Eukaryota,Arthropoda,Insecta,Diptera,Anthomyiidae,Egle,Egle parva,flying
Egle parvaeformis,Eukaryota,Arthropoda,Insecta,Diptera,Anthomyiidae,Egle,Egle parvaeformis,flying
Anthomyiidae,Eukaryota,Arthropoda,Insecta,Diptera,Anthomyiidae,NA,NA,flying
Delia platura,Eukaryota,Arthropoda,Insecta,Diptera,Anthomyiidae,Delia,Delia platura,flying
Delia florilega,Eukaryota,Arthropoda,Insecta,Diptera,Anthomyiidae,Delia,Delia florilega,flying
Bibionidae,Eukaryota,Arthropoda,Insecta,Diptera,Bibionidae,NA,NA,flying
Bombyliidae,Eukaryota,Arthropoda,Insecta,Diptera,Bombyliidae,NA,NA,flying
Calliphoridae,Eukaryota,Arthropoda,Insecta,Diptera,Calliphoridae,NA,NA,flying
Caiusa,Eukaryota,Arthropoda,Insecta,Diptera,Calliphoridae,Caiusa,NA,flying
Bellardia,Eukaryota,Arthropoda,Insecta,Diptera,Calliphoridae,Bellardia,NA,flying
Cecidomyiidae,Eukaryota,Arthropoda,Insecta,Diptera,Cecidomyiidae,NA,NA,flying
Catocha latipes,Eukaryota,Arthropoda,Insecta,Diptera,Cecidomyiidae,Catocha,Catocha latipes,flying
Ceratopogonidae,Eukaryota,Arthropoda,Insecta,Diptera,Ceratopogonidae,NA,NA,flying
Dasyhelea,Eukaryota,Arthropoda,Insecta,Diptera,Ceratopogonidae,Dasyhelea,NA,flying
Dasyhelea ludingensis,Eukaryota,Arthropoda,Insecta,Diptera,Ceratopogonidae,Dasyhelea,Dasyhelea ludingensis,flying
Dasyhelea bilineata,Eukaryota,Arthropoda,Insecta,Diptera,Ceratopogonidae,Dasyhelea,Dasyhelea bilineata,flying
Dasyhelea turficola,Eukaryota,Arthropoda,Insecta,Diptera,Ceratopogonidae,Dasyhelea,Dasyhelea turficola,flying
Forcipomyia velox,Eukaryota,Arthropoda,Insecta,Diptera,Ceratopogonidae,Forcipomyia,Forcipomyia velox,flying
Palpomyia lineata,Eukaryota,Arthropoda,Insecta,Diptera,Ceratopogonidae,Palpomyia,Palpomyia lineata,flying
Dasyhelea europaea,Eukaryota,Arthropoda,Insecta,Diptera,Ceratopogonidae,Dasyhelea,Dasyhelea europaea,flying
Forcipomyia,Eukaryota,Arthropoda,Insecta,Diptera,Ceratopogonidae,Forcipomyia,NA,flying
Chaoborus,Eukaryota,Arthropoda,Insecta,Diptera,Chaoboridae,Chaoborus,NA,flying
Chaoborus flavicans,Eukaryota,Arthropoda,Insecta,Diptera,Chaoboridae,Chaoborus,Chaoborus flavicans,flying
Chaoborus crystallinus,Eukaryota,Arthropoda,Insecta,Diptera,Chaoboridae,Chaoborus,Chaoborus crystallinus,flying
Smittia,Eukaryota,Arthropoda,Insecta,Diptera,Chironomidae,Smittia,NA,flying
Chironomidae,Eukaryota,Arthropoda,Insecta,Diptera,Chironomidae,NA,NA,flying
Metriocnemus,Eukaryota,Arthropoda,Insecta,Diptera,Chironomidae,Metriocnemus,NA,flying
Orthocladius,Eukaryota,Arthropoda,Insecta,Diptera,Chironomidae,Orthocladius,NA,flying
Cricotopus bicinctus,Eukaryota,Arthropoda,Insecta,Diptera,Chironomidae,Cricotopus,Cricotopus bicinctus,flying
Orthocladius frigidus,Eukaryota,Arthropoda,Insecta,Diptera,Chironomidae,Orthocladius,Orthocladius frigidus,flying
Thienemanniella,Eukaryota,Arthropoda,Insecta,Diptera,Chironomidae,Thienemanniella,NA,flying
Smittia edwardsi,Eukaryota,Arthropoda,Insecta,Diptera,Chironomidae,Smittia,Smittia edwardsi,flying
Synendotendipes,Eukaryota,Arthropoda,Insecta,Diptera,Chironomidae,Synendotendipes,NA,flying
Psectrocladius schlienzi,Eukaryota,Arthropoda,Insecta,Diptera,Chironomidae,Psectrocladius,Psectrocladius schlienzi,flying
Metriocnemus picipes,Eukaryota,Arthropoda,Insecta,Diptera,Chironomidae,Metriocnemus,Metriocnemus picipes,flying
Cricotopus,Eukaryota,Arthropoda,Insecta,Diptera,Chironomidae,Cricotopus,NA,flying
Synendotendipes kaluginae,Eukaryota,Arthropoda,Insecta,Diptera,Chironomidae,Synendotendipes,Synendotendipes kaluginae,flying
Chironomus nuditarsis,Eukaryota,Arthropoda,Insecta,Diptera,Chironomidae,Chironomus,Chironomus nuditarsis,flying
Cricotopus reversus,Eukaryota,Arthropoda,Insecta,Diptera,Chironomidae,Cricotopus,Cricotopus reversus,flying
Tanytarsus,Eukaryota,Arthropoda,Insecta,Diptera,Chironomidae,Tanytarsus,NA,flying
Corynoneura arctica,Eukaryota,Arthropoda,Insecta,Diptera,Chironomidae,Corynoneura,Corynoneura arctica,flying
Chironomus,Eukaryota,Arthropoda,Insecta,Diptera,Chironomidae,Chironomus,NA,flying
Phaenopsectra punctipes,Eukaryota,Arthropoda,Insecta,Diptera,Chironomidae,Phaenopsectra,Phaenopsectra punctipes,flying
Chironomus cingulatus,Eukaryota,Arthropoda,Insecta,Diptera,Chironomidae,Chironomus,Chironomus cingulatus,flying
Phaenopsectra,Eukaryota,Arthropoda,Insecta,Diptera,Chironomidae,Phaenopsectra,NA,flying
Tanytarsus pallidicornis,Eukaryota,Arthropoda,Insecta,Diptera,Chironomidae,Tanytarsus,Tanytarsus pallidicornis,flying
Bryophaenocladius terrestris,Eukaryota,Arthropoda,Insecta,Diptera,Chironomidae,Bryophaenocladius,Bryophaenocladius terrestris,flying
Tvetenia calvescens,Eukaryota,Arthropoda,Insecta,Diptera,Chironomidae,Tvetenia,Tvetenia calvescens,flying
Thienemanniella caspersi,Eukaryota,Arthropoda,Insecta,Diptera,Chironomidae,Thienemanniella,Thienemanniella caspersi,flying
Polypedilum albicorne,Eukaryota,Arthropoda,Insecta,Diptera,Chironomidae,Polypedilum,Polypedilum albicorne,flying
Orthocladius rubicundus,Eukaryota,Arthropoda,Insecta,Diptera,Chironomidae,Orthocladius,Orthocladius rubicundus,flying
Corynoneura scutellata,Eukaryota,Arthropoda,Insecta,Diptera,Chironomidae,Corynoneura,Corynoneura scutellata,flying
Bryophaenocladius ictericus,Eukaryota,Arthropoda,Insecta,Diptera,Chironomidae,Bryophaenocladius,Bryophaenocladius ictericus,flying
Polypedilum,Eukaryota,Arthropoda,Insecta,Diptera,Chironomidae,Polypedilum,NA,flying
Polypedilum tritum,Eukaryota,Arthropoda,Insecta,Diptera,Chironomidae,Polypedilum,Polypedilum tritum,flying
Xenopelopia,Eukaryota,Arthropoda,Insecta,Diptera,Chironomidae,Xenopelopia,NA,flying
Cricotopus sylvestris,Eukaryota,Arthropoda,Insecta,Diptera,Chironomidae,Cricotopus,Cricotopus sylvestris,flying
Paratrichocladius rufiventris,Eukaryota,Arthropoda,Insecta,Diptera,Chironomidae,Paratrichocladius,Paratrichocladius rufiventris,flying
Rheocricotopus effusus,Eukaryota,Arthropoda,Insecta,Diptera,Chironomidae,Rheocricotopus,Rheocricotopus effusus,flying
Brillia,Eukaryota,Arthropoda,Insecta,Diptera,Chironomidae,Brillia,NA,flying
Potthastia,Eukaryota,Arthropoda,Insecta,Diptera,Chironomidae,Potthastia,NA,flying
Eukiefferiella claripennis,Eukaryota,Arthropoda,Insecta,Diptera,Chironomidae,Eukiefferiella,Eukiefferiella claripennis,flying
Chironomus dorsalis,Eukaryota,Arthropoda,Insecta,Diptera,Chironomidae,Chironomus,Chironomus dorsalis,flying
Paratanytarsus tenellulus,Eukaryota,Arthropoda,Insecta,Diptera,Chironomidae,Paratanytarsus,Paratanytarsus tenellulus,flying
Microtendipes chloris,Eukaryota,Arthropoda,Insecta,Diptera,Chironomidae,Microtendipes,Microtendipes chloris,flying
Thienemanniella obscura,Eukaryota,Arthropoda,Insecta,Diptera,Chironomidae,Thienemanniella,Thienemanniella obscura,flying
Monopelopia tenuicalcar,Eukaryota,Arthropoda,Insecta,Diptera,Chironomidae,Monopelopia,Monopelopia tenuicalcar,flying
Paratendipes albimanus,Eukaryota,Arthropoda,Insecta,Diptera,Chironomidae,Paratendipes,Paratendipes albimanus,flying
Eukiefferiella,Eukaryota,Arthropoda,Insecta,Diptera,Chironomidae,Eukiefferiella,NA,flying
Orthocladius schnelli,Eukaryota,Arthropoda,Insecta,Diptera,Chironomidae,Orthocladius,Orthocladius schnelli,flying
Limnophyes minimus,Eukaryota,Arthropoda,Insecta,Diptera,Chironomidae,Limnophyes,Limnophyes minimus,flying
Parakiefferiella,Eukaryota,Arthropoda,Insecta,Diptera,Chironomidae,Parakiefferiella,NA,flying
Dicrotendipes lobiger,Eukaryota,Arthropoda,Insecta,Diptera,Chironomidae,Dicrotendipes,Dicrotendipes lobiger,flying
Thaumatomyia,Eukaryota,Arthropoda,Insecta,Diptera,Chloropidae,Thaumatomyia,NA,flying
Chlorops hypostigma,Eukaryota,Arthropoda,Insecta,Diptera,Chloropidae,Chlorops,Chlorops hypostigma,flying
Thaumatomyia notata,Eukaryota,Arthropoda,Insecta,Diptera,Chloropidae,Thaumatomyia,Thaumatomyia notata,flying
Chloropidae,Eukaryota,Arthropoda,Insecta,Diptera,Chloropidae,NA,NA,flying
Oscinella,Eukaryota,Arthropoda,Insecta,Diptera,Chloropidae,Oscinella,NA,flying
Trachysiphonella,Eukaryota,Arthropoda,Insecta,Diptera,Chloropidae,Trachysiphonella,NA,flying
Dasyopa triangulata,Eukaryota,Arthropoda,Insecta,Diptera,Chloropidae,Dasyopa,Dasyopa triangulata,flying
Dicraeus vagans,Eukaryota,Arthropoda,Insecta,Diptera,Chloropidae,Dicraeus,Dicraeus vagans,flying
Dicraeus,Eukaryota,Arthropoda,Insecta,Diptera,Chloropidae,Dicraeus,NA,flying
Culicidae,Eukaryota,Arthropoda,Insecta,Diptera,Culicidae,NA,NA,flying
Mansonia uniformis,Eukaryota,Arthropoda,Insecta,Diptera,Culicidae,Mansonia,Mansonia uniformis,flying
Culex pipiens,Eukaryota,Arthropoda,Insecta,Diptera,Culicidae,Culex,Culex pipiens,flying
Culex terzii,Eukaryota,Arthropoda,Insecta,Diptera,Culicidae,Culex,Culex terzii,flying
Curtonotidae,Eukaryota,Arthropoda,Insecta,Diptera,Curtonotidae,NA,NA,flying
Dolichopodidae,Eukaryota,Arthropoda,Insecta,Diptera,Dolichopodidae,NA,NA,flying
Liancalus,Eukaryota,Arthropoda,Insecta,Diptera,Dolichopodidae,Liancalus,NA,flying
Chrysotus cilipes,Eukaryota,Arthropoda,Insecta,Diptera,Dolichopodidae,Chrysotus,Chrysotus cilipes,flying
Liancalus virens,Eukaryota,Arthropoda,Insecta,Diptera,Dolichopodidae,Liancalus,Liancalus virens,flying
Chrysotus,Eukaryota,Arthropoda,Insecta,Diptera,Dolichopodidae,Chrysotus,NA,flying
Medetera,Eukaryota,Arthropoda,Insecta,Diptera,Dolichopodidae,Medetera,NA,flying
Neurigona quadrifasciata,Eukaryota,Arthropoda,Insecta,Diptera,Dolichopodidae,Neurigona,Neurigona quadrifasciata,flying
Medetera jacula,Eukaryota,Arthropoda,Insecta,Diptera,Dolichopodidae,Medetera,Medetera jacula,flying
Sciapus spiniger,Eukaryota,Arthropoda,Insecta,Diptera,Dolichopodidae,Sciapus,Sciapus spiniger,flying
Sympycnus pulicarius,Eukaryota,Arthropoda,Insecta,Diptera,Dolichopodidae,Sympycnus,Sympycnus pulicarius,flying
Scaptomyza pallida,Eukaryota,Arthropoda,Insecta,Diptera,Drosophilidae,Scaptomyza,Scaptomyza pallida,flying
Leucophenga,Eukaryota,Arthropoda,Insecta,Diptera,Drosophilidae,Leucophenga,NA,flying
Drosophilidae,Eukaryota,Arthropoda,Insecta,Diptera,Drosophilidae,NA,NA,flying
Scaptomyza,Eukaryota,Arthropoda,Insecta,Diptera,Drosophilidae,Scaptomyza,NA,flying
Scaptomyza graminum,Eukaryota,Arthropoda,Insecta,Diptera,Drosophilidae,Scaptomyza,Scaptomyza graminum,flying
Chymomyza amoena,Eukaryota,Arthropoda,Insecta,Diptera,Drosophilidae,Chymomyza,Chymomyza amoena,flying
Drosophila,Eukaryota,Arthropoda,Insecta,Diptera,Drosophilidae,Drosophila,NA,flying
Dolichocephala guttata,Eukaryota,Arthropoda,Insecta,Diptera,Empididae,Dolichocephala,Dolichocephala guttata,flying
Empididae,Eukaryota,Arthropoda,Insecta,Diptera,Empididae,NA,NA,flying
Wiedemannia,Eukaryota,Arthropoda,Insecta,Diptera,Empididae,Wiedemannia,NA,flying
Empis nigripes,Eukaryota,Arthropoda,Insecta,Diptera,Empididae,Empis,Empis nigripes,flying
Empis aestiva,Eukaryota,Arthropoda,Insecta,Diptera,Empididae,Empis,Empis aestiva,flying
Empis caudatula,Eukaryota,Arthropoda,Insecta,Diptera,Empididae,Empis,Empis caudatula,flying
Empis,Eukaryota,Arthropoda,Insecta,Diptera,Empididae,Empis,NA,flying
Nostima picta,Eukaryota,Arthropoda,Insecta,Diptera,Ephydridae,Nostima,Nostima picta,flying
Ephydridae,Eukaryota,Arthropoda,Insecta,Diptera,Ephydridae,NA,NA,flying
Hydrellia maura,Eukaryota,Arthropoda,Insecta,Diptera,Ephydridae,Hydrellia,Hydrellia maura,flying
Psilopa polita,Eukaryota,Arthropoda,Insecta,Diptera,Ephydridae,Psilopa,Psilopa polita,flying
Hydrellia,Eukaryota,Arthropoda,Insecta,Diptera,Ephydridae,Hydrellia,NA,flying
Psilopa,Eukaryota,Arthropoda,Insecta,Diptera,Ephydridae,Psilopa,NA,flying
Psilopa nitidula,Eukaryota,Arthropoda,Insecta,Diptera,Ephydridae,Psilopa,Psilopa nitidula,flying
Fannia,Eukaryota,Arthropoda,Insecta,Diptera,Fanniidae,Fannia,NA,flying
Fannia pallitibia,Eukaryota,Arthropoda,Insecta,Diptera,Fanniidae,Fannia,Fannia pallitibia,flying
Fannia serena,Eukaryota,Arthropoda,Insecta,Diptera,Fanniidae,Fannia,Fannia serena,flying
Fannia polychaeta,Eukaryota,Arthropoda,Insecta,Diptera,Fanniidae,Fannia,Fannia polychaeta,flying
Suillia bicolor,Eukaryota,Arthropoda,Insecta,Diptera,Heleomyzidae,Suillia,Suillia bicolor,flying
Suillia pallida,Eukaryota,Arthropoda,Insecta,Diptera,Heleomyzidae,Suillia,Suillia pallida,flying
Platypalpus aristatus,Eukaryota,Arthropoda,Insecta,Diptera,Hybotidae,Platypalpus,Platypalpus aristatus,flying
Platypalpus,Eukaryota,Arthropoda,Insecta,Diptera,Hybotidae,Platypalpus,NA,flying
Platypalpus longicornis,Eukaryota,Arthropoda,Insecta,Diptera,Hybotidae,Platypalpus,Platypalpus longicornis,flying
Hybotidae,Eukaryota,Arthropoda,Insecta,Diptera,Hybotidae,NA,NA,flying
Platypalpus annulipes,Eukaryota,Arthropoda,Insecta,Diptera,Hybotidae,Platypalpus,Platypalpus annulipes,flying
Platypalpus major,Eukaryota,Arthropoda,Insecta,Diptera,Hybotidae,Platypalpus,Platypalpus major,flying
Platypalpus agilis,Eukaryota,Arthropoda,Insecta,Diptera,Hybotidae,Platypalpus,Platypalpus agilis,flying
Platypalpus stabilis,Eukaryota,Arthropoda,Insecta,Diptera,Hybotidae,Platypalpus,Platypalpus stabilis,flying
Tachydromia annulimana,Eukaryota,Arthropoda,Insecta,Diptera,Hybotidae,Tachydromia,Tachydromia annulimana,flying
Platypalpus candicans,Eukaryota,Arthropoda,Insecta,Diptera,Hybotidae,Platypalpus,Platypalpus candicans,flying
Platypalpus pallidiventris,Eukaryota,Arthropoda,Insecta,Diptera,Hybotidae,Platypalpus,Platypalpus pallidiventris,flying
Platypalpus optivus,Eukaryota,Arthropoda,Insecta,Diptera,Hybotidae,Platypalpus,Platypalpus optivus,flying
Platypalpus longiseta,Eukaryota,Arthropoda,Insecta,Diptera,Hybotidae,Platypalpus,Platypalpus longiseta,flying
Platypalpus trivialis,Eukaryota,Arthropoda,Insecta,Diptera,Hybotidae,Platypalpus,Platypalpus trivialis,flying
Lauxaniidae,Eukaryota,Arthropoda,Insecta,Diptera,Lauxaniidae,NA,NA,flying
Calliopum aeneum,Eukaryota,Arthropoda,Insecta,Diptera,Lauxaniidae,Calliopum,Calliopum aeneum,flying
Pseudolyciella pallidiventris,Eukaryota,Arthropoda,Insecta,Diptera,Lauxaniidae,Pseudolyciella,Pseudolyciella pallidiventris,flying
Minettia,Eukaryota,Arthropoda,Insecta,Diptera,Lauxaniidae,Minettia,NA,flying
Calliopum,Eukaryota,Arthropoda,Insecta,Diptera,Lauxaniidae,Calliopum,NA,flying
Antocha vitripennis,Eukaryota,Arthropoda,Insecta,Diptera,Limoniidae,Antocha,Antocha vitripennis,flying
Limoniidae,Eukaryota,Arthropoda,Insecta,Diptera,Limoniidae,NA,NA,flying
Dicranomyia chorea,Eukaryota,Arthropoda,Insecta,Diptera,Limoniidae,Dicranomyia,Dicranomyia chorea,flying
Limonia nubeculosa,Eukaryota,Arthropoda,Insecta,Diptera,Limoniidae,Limonia,Limonia nubeculosa,flying
Gonomyia,Eukaryota,Arthropoda,Insecta,Diptera,Limoniidae,Gonomyia,NA,flying
Limonia,Eukaryota,Arthropoda,Insecta,Diptera,Limoniidae,Limonia,NA,flying
Pseudolimnophila,Eukaryota,Arthropoda,Insecta,Diptera,Limoniidae,Pseudolimnophila,NA,flying
Lonchoptera,Eukaryota,Arthropoda,Insecta,Diptera,Lonchopteridae,Lonchoptera,NA,flying
Lonchoptera lutea,Eukaryota,Arthropoda,Insecta,Diptera,Lonchopteridae,Lonchoptera,Lonchoptera lutea,flying
Micropezidae,Eukaryota,Arthropoda,Insecta,Diptera,Micropezidae,NA,NA,flying
Muscidae,Eukaryota,Arthropoda,Insecta,Diptera,Muscidae,NA,NA,flying
Coenosia agromyzina,Eukaryota,Arthropoda,Insecta,Diptera,Muscidae,Coenosia,Coenosia agromyzina,flying
Schoenomyza litorella,Eukaryota,Arthropoda,Insecta,Diptera,Muscidae,Schoenomyza,Schoenomyza litorella,flying
Schoenomyza,Eukaryota,Arthropoda,Insecta,Diptera,Muscidae,Schoenomyza,NA,flying
Spilogona,Eukaryota,Arthropoda,Insecta,Diptera,Muscidae,Spilogona,NA,flying
Schoenomyza dorsalis,Eukaryota,Arthropoda,Insecta,Diptera,Muscidae,Schoenomyza,Schoenomyza dorsalis,flying
Coenosia atra,Eukaryota,Arthropoda,Insecta,Diptera,Muscidae,Coenosia,Coenosia atra,flying
Exechia,Eukaryota,Arthropoda,Insecta,Diptera,Mycetophilidae,Exechia,NA,flying
Exechia pectinivalva,Eukaryota,Arthropoda,Insecta,Diptera,Mycetophilidae,Exechia,Exechia pectinivalva,flying
Sciophila,Eukaryota,Arthropoda,Insecta,Diptera,Mycetophilidae,Sciophila,NA,flying
Mycetophilidae,Eukaryota,Arthropoda,Insecta,Diptera,Mycetophilidae,NA,NA,flying
Odiniidae,Eukaryota,Arthropoda,Insecta,Diptera,Odiniidae,NA,NA,flying
Megaselia berndseni,Eukaryota,Arthropoda,Insecta,Diptera,Phoridae,Megaselia,Megaselia berndseni,flying
Megaselia rufipes,Eukaryota,Arthropoda,Insecta,Diptera,Phoridae,Megaselia,Megaselia rufipes,flying
Megaselia hibernans,Eukaryota,Arthropoda,Insecta,Diptera,Phoridae,Megaselia,Megaselia hibernans,flying
Phoridae,Eukaryota,Arthropoda,Insecta,Diptera,Phoridae,NA,NA,flying
Megaselia,Eukaryota,Arthropoda,Insecta,Diptera,Phoridae,Megaselia,NA,flying
Megaselia brevicostalis,Eukaryota,Arthropoda,Insecta,Diptera,Phoridae,Megaselia,Megaselia brevicostalis,flying
Megaselia ciliata,Eukaryota,Arthropoda,Insecta,Diptera,Phoridae,Megaselia,Megaselia ciliata,flying
Megaselia meconicera,Eukaryota,Arthropoda,Insecta,Diptera,Phoridae,Megaselia,Megaselia meconicera,flying
Megaselia basispinata,Eukaryota,Arthropoda,Insecta,Diptera,Phoridae,Megaselia,Megaselia basispinata,flying
Megaselia sepulchralis,Eukaryota,Arthropoda,Insecta,Diptera,Phoridae,Megaselia,Megaselia sepulchralis,flying
Megaselia parva,Eukaryota,Arthropoda,Insecta,Diptera,Phoridae,Megaselia,Megaselia parva,flying
Metopina galeata,Eukaryota,Arthropoda,Insecta,Diptera,Phoridae,Metopina,Metopina galeata,flying
Eudorylas zermattensis,Eukaryota,Arthropoda,Insecta,Diptera,Pipunculidae,Eudorylas,Eudorylas zermattensis,flying
Cephalops penultimus,Eukaryota,Arthropoda,Insecta,Diptera,Pipunculidae,Cephalops,Cephalops penultimus,flying
Pipunculidae,Eukaryota,Arthropoda,Insecta,Diptera,Pipunculidae,NA,NA,flying
Agathomyia falleni,Eukaryota,Arthropoda,Insecta,Diptera,Platypezidae,Agathomyia,Agathomyia falleni,flying
Platystoma seminationis,Eukaryota,Arthropoda,Insecta,Diptera,Platystomatidae,Platystoma,Platystoma seminationis,flying
Pollenia pediculata,Eukaryota,Arthropoda,Insecta,Diptera,Polleniidae,Pollenia,Pollenia pediculata,flying
Pollenia labialis,Eukaryota,Arthropoda,Insecta,Diptera,Polleniidae,Pollenia,Pollenia labialis,flying
Pollenia rudis,Eukaryota,Arthropoda,Insecta,Diptera,Polleniidae,Pollenia,Pollenia rudis,flying
Pollenia,Eukaryota,Arthropoda,Insecta,Diptera,Polleniidae,Pollenia,NA,flying
Psychoda gemina,Eukaryota,Arthropoda,Insecta,Diptera,Psychodidae,Psychoda,Psychoda gemina,flying
Psychoda,Eukaryota,Arthropoda,Insecta,Diptera,Psychodidae,Psychoda,NA,flying
Psychodidae,Eukaryota,Arthropoda,Insecta,Diptera,Psychodidae,NA,NA,flying
Psychoda alternata,Eukaryota,Arthropoda,Insecta,Diptera,Psychodidae,Psychoda,Psychoda alternata,flying
Psychoda phalaenoides,Eukaryota,Arthropoda,Insecta,Diptera,Psychodidae,Psychoda,Psychoda phalaenoides,flying
Rhagionidae,Eukaryota,Arthropoda,Insecta,Diptera,Rhagionidae,NA,NA,flying
Chrysopilus asiliformis,Eukaryota,Arthropoda,Insecta,Diptera,Rhagionidae,Chrysopilus,Chrysopilus asiliformis,flying
Sarcophaga carnaria,Eukaryota,Arthropoda,Insecta,Diptera,Sarcophagidae,Sarcophaga,Sarcophaga carnaria,flying
Sciaridae,Eukaryota,Arthropoda,Insecta,Diptera,Sciaridae,NA,NA,flying
Bradysia placida,Eukaryota,Arthropoda,Insecta,Diptera,Sciaridae,Bradysia,Bradysia placida,flying
Corynoptera furcata,Eukaryota,Arthropoda,Insecta,Diptera,Sciaridae,Corynoptera,Corynoptera furcata,flying
Bradysia trivittata,Eukaryota,Arthropoda,Insecta,Diptera,Sciaridae,Bradysia,Bradysia trivittata,flying
Corynoptera perpusilla,Eukaryota,Arthropoda,Insecta,Diptera,Sciaridae,Corynoptera,Corynoptera perpusilla,flying
Corynoptera cursor,Eukaryota,Arthropoda,Insecta,Diptera,Sciaridae,Corynoptera,Corynoptera cursor,flying
Corynoptera forcipata,Eukaryota,Arthropoda,Insecta,Diptera,Sciaridae,Corynoptera,Corynoptera forcipata,flying
Corynoptera subparvula,Eukaryota,Arthropoda,Insecta,Diptera,Sciaridae,Corynoptera,Corynoptera subparvula,flying
Corynoptera,Eukaryota,Arthropoda,Insecta,Diptera,Sciaridae,Corynoptera,NA,flying
Corynoptera deserta,Eukaryota,Arthropoda,Insecta,Diptera,Sciaridae,Corynoptera,Corynoptera deserta,flying
Corynoptera furcifera,Eukaryota,Arthropoda,Insecta,Diptera,Sciaridae,Corynoptera,Corynoptera furcifera,flying
Sciara humeralis,Eukaryota,Arthropoda,Insecta,Diptera,Sciaridae,Sciara,Sciara humeralis,flying
Bradysia urticae,Eukaryota,Arthropoda,Insecta,Diptera,Sciaridae,Bradysia,Bradysia urticae,flying
Bradysia brevispina,Eukaryota,Arthropoda,Insecta,Diptera,Sciaridae,Bradysia,Bradysia brevispina,flying
Bradysia vagans,Eukaryota,Arthropoda,Insecta,Diptera,Sciaridae,Bradysia,Bradysia vagans,flying
Bradysia splendida,Eukaryota,Arthropoda,Insecta,Diptera,Sciaridae,Bradysia,Bradysia splendida,flying
Bradysia,Eukaryota,Arthropoda,Insecta,Diptera,Sciaridae,Bradysia,NA,flying
Simulium ornatum,Eukaryota,Arthropoda,Insecta,Diptera,Simuliidae,Simulium,Simulium ornatum,flying
Simulium,Eukaryota,Arthropoda,Insecta,Diptera,Simuliidae,Simulium,NA,flying
Simulium variegatum,Eukaryota,Arthropoda,Insecta,Diptera,Simuliidae,Simulium,Simulium variegatum,flying
Simuliidae,Eukaryota,Arthropoda,Insecta,Diptera,Simuliidae,NA,NA,flying
Simulium dunfellense,Eukaryota,Arthropoda,Insecta,Diptera,Simuliidae,Simulium,Simulium dunfellense,flying
Terrilimosina schmitzi,Eukaryota,Arthropoda,Insecta,Diptera,Sphaeroceridae,Terrilimosina,Terrilimosina schmitzi,flying
Spelobia tenebrarum,Eukaryota,Arthropoda,Insecta,Diptera,Sphaeroceridae,Spelobia,Spelobia tenebrarum,flying
Sphaeroceridae,Eukaryota,Arthropoda,Insecta,Diptera,Sphaeroceridae,NA,NA,flying
Stratiomyidae,Eukaryota,Arthropoda,Insecta,Diptera,Stratiomyidae,NA,NA,flying
Chloromyia formosa,Eukaryota,Arthropoda,Insecta,Diptera,Stratiomyidae,Chloromyia,Chloromyia formosa,flying
Microchrysa,Eukaryota,Arthropoda,Insecta,Diptera,Stratiomyidae,Microchrysa,NA,flying
Microchrysa polita,Eukaryota,Arthropoda,Insecta,Diptera,Stratiomyidae,Microchrysa,Microchrysa polita,flying
Episyrphus viridaureus,Eukaryota,Arthropoda,Insecta,Diptera,Syrphidae,Episyrphus,Episyrphus viridaureus,flying
Syrphidae,Eukaryota,Arthropoda,Insecta,Diptera,Syrphidae,NA,NA,flying
Melanostoma scalare,Eukaryota,Arthropoda,Insecta,Diptera,Syrphidae,Melanostoma,Melanostoma scalare,flying
Melanostoma mellinum,Eukaryota,Arthropoda,Insecta,Diptera,Syrphidae,Melanostoma,Melanostoma mellinum,flying
Cheilosia,Eukaryota,Arthropoda,Insecta,Diptera,Syrphidae,Cheilosia,NA,flying
Sphaerophoria taeniata,Eukaryota,Arthropoda,Insecta,Diptera,Syrphidae,Sphaerophoria,Sphaerophoria taeniata,flying
Cheilosia mutabilis,Eukaryota,Arthropoda,Insecta,Diptera,Syrphidae,Cheilosia,Cheilosia mutabilis,flying
Syrphus vitripennis,Eukaryota,Arthropoda,Insecta,Diptera,Syrphidae,Syrphus,Syrphus vitripennis,flying
Melanogaster,Eukaryota,Arthropoda,Insecta,Diptera,Syrphidae,Melanogaster,NA,flying
Tabanus maculicornis,Eukaryota,Arthropoda,Insecta,Diptera,Tabanidae,Tabanus,Tabanus maculicornis,flying
Tabanidae,Eukaryota,Arthropoda,Insecta,Diptera,Tabanidae,NA,NA,flying
Tephritis,Eukaryota,Arthropoda,Insecta,Diptera,Tephritidae,Tephritis,NA,flying
Tephritis separata,Eukaryota,Arthropoda,Insecta,Diptera,Tephritidae,Tephritis,Tephritis separata,flying
Nephrotoma flavipalpis,Eukaryota,Arthropoda,Insecta,Diptera,Tipulidae,Nephrotoma,Nephrotoma flavipalpis,flying
Tipula,Eukaryota,Arthropoda,Insecta,Diptera,Tipulidae,Tipula,NA,flying
Tipulidae,Eukaryota,Arthropoda,Insecta,Diptera,Tipulidae,NA,NA,flying
Tipula rufina,Eukaryota,Arthropoda,Insecta,Diptera,Tipulidae,Tipula,Tipula rufina,flying
Tipula lunata,Eukaryota,Arthropoda,Insecta,Diptera,Tipulidae,Tipula,Tipula lunata,flying
Tipula irrorata,Eukaryota,Arthropoda,Insecta,Diptera,Tipulidae,Tipula,Tipula irrorata,flying
Tipula lateralis,Eukaryota,Arthropoda,Insecta,Diptera,Tipulidae,Tipula,Tipula lateralis,flying
Tipula paludosa,Eukaryota,Arthropoda,Insecta,Diptera,Tipulidae,Tipula,Tipula paludosa,flying
Tipula confusa,Eukaryota,Arthropoda,Insecta,Diptera,Tipulidae,Tipula,Tipula confusa,flying
Nephrotoma cornicina,Eukaryota,Arthropoda,Insecta,Diptera,Tipulidae,Nephrotoma,Nephrotoma cornicina,flying
Tipula maxima,Eukaryota,Arthropoda,Insecta,Diptera,Tipulidae,Tipula,Tipula maxima,flying
Nephrotoma quadrifaria,Eukaryota,Arthropoda,Insecta,Diptera,Tipulidae,Nephrotoma,Nephrotoma quadrifaria,flying
Trichocera saltator,Eukaryota,Arthropoda,Insecta,Diptera,Trichoceridae,Trichocera,Trichocera saltator,flying
Cloeon dipterum,Eukaryota,Arthropoda,Insecta,Ephemeroptera,Baetidae,Cloeon,Cloeon dipterum,flying
Baetis rhodani,Eukaryota,Arthropoda,Insecta,Ephemeroptera,Baetidae,Baetis,Baetis rhodani,flying
Baetis scambus,Eukaryota,Arthropoda,Insecta,Ephemeroptera,Baetidae,Baetis,Baetis scambus,flying
Baetis,Eukaryota,Arthropoda,Insecta,Ephemeroptera,Baetidae,Baetis,NA,flying
Procloeon,Eukaryota,Arthropoda,Insecta,Ephemeroptera,Baetidae,Procloeon,NA,flying
Procloeon pennulatum,Eukaryota,Arthropoda,Insecta,Ephemeroptera,Baetidae,Procloeon,Procloeon pennulatum,flying
Caenis horaria,Eukaryota,Arthropoda,Insecta,Ephemeroptera,Caenidae,Caenis,Caenis horaria,flying
Ephemera,Eukaryota,Arthropoda,Insecta,Ephemeroptera,Ephemeridae,Ephemera,NA,flying
Alydus calcaratus,Eukaryota,Arthropoda,Insecta,Hemiptera,Alydidae,Alydus,Alydus calcaratus,flying
Aphelocheirus aestivalis,Eukaryota,Arthropoda,Insecta,Hemiptera,Aphelocheiridae,Aphelocheirus,Aphelocheirus aestivalis,epigeic
Aphelocheirus,Eukaryota,Arthropoda,Insecta,Hemiptera,Aphelocheiridae,Aphelocheirus,NA,epigeic
Aphrophora alni,Eukaryota,Arthropoda,Insecta,Hemiptera,Aphrophoridae,Aphrophora,Aphrophora alni,flying
Aphrophora,Eukaryota,Arthropoda,Insecta,Hemiptera,Aphrophoridae,Aphrophora,NA,flying
Anoscopus albiger,Eukaryota,Arthropoda,Insecta,Hemiptera,Cicadellidae,Anoscopus,Anoscopus albiger,flying
Aphrodes,Eukaryota,Arthropoda,Insecta,Hemiptera,Cicadellidae,Aphrodes,NA,flying
Aphrodes bicincta,Eukaryota,Arthropoda,Insecta,Hemiptera,Cicadellidae,Aphrodes,Aphrodes bicincta,flying
Aphrodes makarovi,Eukaryota,Arthropoda,Insecta,Hemiptera,Cicadellidae,Aphrodes,Aphrodes makarovi,flying
Orientus ishidae,Eukaryota,Arthropoda,Insecta,Hemiptera,Cicadellidae,Orientus,Orientus ishidae,flying
Orientus,Eukaryota,Arthropoda,Insecta,Hemiptera,Cicadellidae,Orientus,NA,flying
Anoscopus serratulae,Eukaryota,Arthropoda,Insecta,Hemiptera,Cicadellidae,Anoscopus,Anoscopus serratulae,flying
Anoscopus,Eukaryota,Arthropoda,Insecta,Hemiptera,Cicadellidae,Anoscopus,NA,flying
Zygina,Eukaryota,Arthropoda,Insecta,Hemiptera,Cicadellidae,Zygina,NA,flying
Zygina hyperici,Eukaryota,Arthropoda,Insecta,Hemiptera,Cicadellidae,Zygina,Zygina hyperici,flying
Kleidocerys,Eukaryota,Arthropoda,Insecta,Hemiptera,Lygaeidae,Kleidocerys,NA,flying
Plesiodema,Eukaryota,Arthropoda,Insecta,Hemiptera,Miridae,Plesiodema,NA,flying
Plesiodema pinetella,Eukaryota,Arthropoda,Insecta,Hemiptera,Miridae,Plesiodema,Plesiodema pinetella,flying
Chlamydatus evanescens,Eukaryota,Arthropoda,Insecta,Hemiptera,Miridae,Chlamydatus,Chlamydatus evanescens,flying
Pilophorus confusus,Eukaryota,Arthropoda,Insecta,Hemiptera,Miridae,Pilophorus,Pilophorus confusus,flying
Chlamydatus pullus,Eukaryota,Arthropoda,Insecta,Hemiptera,Miridae,Chlamydatus,Chlamydatus pullus,flying
Megaloceroea recticornis,Eukaryota,Arthropoda,Insecta,Hemiptera,Miridae,Megaloceroea,Megaloceroea recticornis,flying
Megaloceroea,Eukaryota,Arthropoda,Insecta,Hemiptera,Miridae,Megaloceroea,NA,flying
Stenodema,Eukaryota,Arthropoda,Insecta,Hemiptera,Miridae,Stenodema,NA,flying
Stenodema laevigatum,Eukaryota,Arthropoda,Insecta,Hemiptera,Miridae,Stenodema,Stenodema laevigatum,flying
Campyloneura virgula,Eukaryota,Arthropoda,Insecta,Hemiptera,Miridae,Campyloneura,Campyloneura virgula,flying
Dicyphus errans,Eukaryota,Arthropoda,Insecta,Hemiptera,Miridae,Dicyphus,Dicyphus errans,flying
Globiceps fulvicollis,Eukaryota,Arthropoda,Insecta,Hemiptera,Miridae,Globiceps,Globiceps fulvicollis,flying
Nabis rugosus,Eukaryota,Arthropoda,Insecta,Hemiptera,Nabidae,Nabis,Nabis rugosus,flying
Nabis,Eukaryota,Arthropoda,Insecta,Hemiptera,Nabidae,Nabis,NA,flying
Tropistethus holosericus,Eukaryota,Arthropoda,Insecta,Hemiptera,Rhyparochromidae,Tropistethus,Tropistethus holosericus,epigeic
Stygnocoris sabulosus,Eukaryota,Arthropoda,Insecta,Hemiptera,Rhyparochromidae,Stygnocoris,Stygnocoris sabulosus,epigeic
Stygnocoris,Eukaryota,Arthropoda,Insecta,Hemiptera,Rhyparochromidae,Stygnocoris,NA,epigeic
Trapezonotus arenarius,Eukaryota,Arthropoda,Insecta,Hemiptera,Rhyparochromidae,Trapezonotus,Trapezonotus arenarius,epigeic
Rhyparochromidae,Eukaryota,Arthropoda,Insecta,Hemiptera,Rhyparochromidae,NA,NA,epigeic
Scolopostethus affinis,Eukaryota,Arthropoda,Insecta,Hemiptera,Rhyparochromidae,Scolopostethus,Scolopostethus affinis,epigeic
Ischnocoris hemipterus,Eukaryota,Arthropoda,Insecta,Hemiptera,Rhyparochromidae,Ischnocoris,Ischnocoris hemipterus,epigeic
Scolopostethus decoratus,Eukaryota,Arthropoda,Insecta,Hemiptera,Rhyparochromidae,Scolopostethus,Scolopostethus decoratus,epigeic
Scolopostethus,Eukaryota,Arthropoda,Insecta,Hemiptera,Rhyparochromidae,Scolopostethus,NA,epigeic
Megalonotus,Eukaryota,Arthropoda,Insecta,Hemiptera,Rhyparochromidae,Megalonotus,NA,epigeic
Rhyparochromus vulgaris,Eukaryota,Arthropoda,Insecta,Hemiptera,Rhyparochromidae,Rhyparochromus,Rhyparochromus vulgaris,epigeic
Megalonotus chiragra,Eukaryota,Arthropoda,Insecta,Hemiptera,Rhyparochromidae,Megalonotus,Megalonotus chiragra,epigeic
Eremocoris,Eukaryota,Arthropoda,Insecta,Hemiptera,Rhyparochromidae,Eremocoris,NA,epigeic
Bactericera albiventris,Eukaryota,Arthropoda,Insecta,Hemiptera,Triozidae,Bactericera,Bactericera albiventris,flying
Bactericera,Eukaryota,Arthropoda,Insecta,Hemiptera,Triozidae,Bactericera,NA,flying
Praon barbatum,Eukaryota,Arthropoda,Insecta,Hymenoptera,Braconidae,Praon,Praon barbatum,flying
Praon volucre,Eukaryota,Arthropoda,Insecta,Hymenoptera,Braconidae,Praon,Praon volucre,flying
Praon,Eukaryota,Arthropoda,Insecta,Hymenoptera,Braconidae,Praon,NA,flying
Praon exsoletum,Eukaryota,Arthropoda,Insecta,Hymenoptera,Braconidae,Praon,Praon exsoletum,flying
Myrmica rubra,Eukaryota,Arthropoda,Insecta,Hymenoptera,Formicidae,Myrmica,Myrmica rubra,epigeic
Myrmica,Eukaryota,Arthropoda,Insecta,Hymenoptera,Formicidae,Myrmica,NA,epigeic
Agriphila,Eukaryota,Arthropoda,Insecta,Lepidoptera,Crambidae,Agriphila,NA,flying
Glyphodes,Eukaryota,Arthropoda,Insecta,Lepidoptera,Crambidae,Glyphodes,NA,flying
Mimophisma,Eukaryota,Arthropoda,Insecta,Lepidoptera,Erebidae,Mimophisma,NA,flying
Lesmone,Eukaryota,Arthropoda,Insecta,Lepidoptera,Erebidae,Lesmone,NA,flying
Erebidae,Eukaryota,Arthropoda,Insecta,Lepidoptera,Erebidae,NA,NA,flying
Coenipeta,Eukaryota,Arthropoda,Insecta,Lepidoptera,Erebidae,Coenipeta,NA,flying
Coenipeta medina,Eukaryota,Arthropoda,Insecta,Lepidoptera,Erebidae,Coenipeta,Coenipeta medina,flying
Bryotropha,Eukaryota,Arthropoda,Insecta,Lepidoptera,Gelechiidae,Bryotropha,NA,flying
Bryotropha senectella,Eukaryota,Arthropoda,Insecta,Lepidoptera,Gelechiidae,Bryotropha,Bryotropha senectella,flying
Agrotis,Eukaryota,Arthropoda,Insecta,Lepidoptera,Noctuidae,Agrotis,NA,flying
Agrotis segetum,Eukaryota,Arthropoda,Insecta,Lepidoptera,Noctuidae,Agrotis,Agrotis segetum,flying
Noctua,Eukaryota,Arthropoda,Insecta,Lepidoptera,Noctuidae,Noctua,NA,flying
Sideridis,Eukaryota,Arthropoda,Insecta,Lepidoptera,Noctuidae,Sideridis,NA,flying
Noctua pronuba,Eukaryota,Arthropoda,Insecta,Lepidoptera,Noctuidae,Noctua,Noctua pronuba,flying
Xestia,Eukaryota,Arthropoda,Insecta,Lepidoptera,Noctuidae,Xestia,NA,flying
Nystalea collaris,Eukaryota,Arthropoda,Insecta,Lepidoptera,Notodontidae,Nystalea,Nystalea collaris,flying
Nymphalidae,Eukaryota,Arthropoda,Insecta,Lepidoptera,Nymphalidae,NA,NA,flying
Synaphe punctalis,Eukaryota,Arthropoda,Insecta,Lepidoptera,Pyralidae,Synaphe,Synaphe punctalis,flying
Synaphe,Eukaryota,Arthropoda,Insecta,Lepidoptera,Pyralidae,Synaphe,NA,flying
Endotricha flammealis,Eukaryota,Arthropoda,Insecta,Lepidoptera,Pyralidae,Endotricha,Endotricha flammealis,flying
Pammene,Eukaryota,Arthropoda,Insecta,Lepidoptera,Tortricidae,Pammene,NA,flying
Syndemis musculana,Eukaryota,Arthropoda,Insecta,Lepidoptera,Tortricidae,Syndemis,Syndemis musculana,flying
Syndemis,Eukaryota,Arthropoda,Insecta,Lepidoptera,Tortricidae,Syndemis,NA,flying
Celypha rufana,Eukaryota,Arthropoda,Insecta,Lepidoptera,Tortricidae,Celypha,Celypha rufana,flying
Pammene regiana,Eukaryota,Arthropoda,Insecta,Lepidoptera,Tortricidae,Pammene,Pammene regiana,flying
Panorpidae,Eukaryota,Arthropoda,Insecta,Mecoptera,Panorpidae,NA,NA,flying
Sialis lutaria,Eukaryota,Arthropoda,Insecta,Megaloptera,Sialidae,Sialis,Sialis lutaria,flying
Sialis,Eukaryota,Arthropoda,Insecta,Megaloptera,Sialidae,Sialis,NA,flying
Micromus,Eukaryota,Arthropoda,Insecta,Neuroptera,Hemerobiidae,Micromus,NA,flying
Micromus variegatus,Eukaryota,Arthropoda,Insecta,Neuroptera,Hemerobiidae,Micromus,Micromus variegatus,flying
Coenagrion puella,Eukaryota,Arthropoda,Insecta,Odonata,Coenagrionidae,Coenagrion,Coenagrion puella,flying
Tettigoniidae,Eukaryota,Arthropoda,Insecta,Orthoptera,Tettigoniidae,NA,NA,epigeic
Leuctra zwicki,Eukaryota,Arthropoda,Insecta,Plecoptera,Leuctridae,Leuctra,Leuctra zwicki,flying
Leuctra hippopus,Eukaryota,Arthropoda,Insecta,Plecoptera,Leuctridae,Leuctra,Leuctra hippopus,flying
Protonemura intricata,Eukaryota,Arthropoda,Insecta,Plecoptera,Nemouridae,Protonemura,Protonemura intricata,flying
Protonemura risi,Eukaryota,Arthropoda,Insecta,Plecoptera,Nemouridae,Protonemura,Protonemura risi,flying
Amphinemura triangularis,Eukaryota,Arthropoda,Insecta,Plecoptera,Nemouridae,Amphinemura,Amphinemura triangularis,flying
Isoperla,Eukaryota,Arthropoda,Insecta,Plecoptera,Perlodidae,Isoperla,NA,flying
Valenzuela,Eukaryota,Arthropoda,Insecta,Psocoptera,Caeciliusidae,Valenzuela,NA,flying
Valenzuela burmeisteri,Eukaryota,Arthropoda,Insecta,Psocoptera,Caeciliusidae,Valenzuela,Valenzuela burmeisteri,flying
Valenzuela flavidus,Eukaryota,Arthropoda,Insecta,Psocoptera,Caeciliusidae,Valenzuela,Valenzuela flavidus,flying
Ectopsocus,Eukaryota,Arthropoda,Insecta,Psocoptera,Ectopsocidae,Ectopsocus,NA,flying
Ectopsocus briggsi,Eukaryota,Arthropoda,Insecta,Psocoptera,Ectopsocidae,Ectopsocus,Ectopsocus briggsi,flying
Ectopsocus californicus,Eukaryota,Arthropoda,Insecta,Psocoptera,Ectopsocidae,Ectopsocus,Ectopsocus californicus,flying
Elipsocus moebiusi,Eukaryota,Arthropoda,Insecta,Psocoptera,Elipsocidae,Elipsocus,Elipsocus moebiusi,flying
Elipsocus,Eukaryota,Arthropoda,Insecta,Psocoptera,Elipsocidae,Elipsocus,NA,flying
Philotarsus picicornis,Eukaryota,Arthropoda,Insecta,Psocoptera,Philotarsidae,Philotarsus,Philotarsus picicornis,flying
Graphopsocus cruciatus,Eukaryota,Arthropoda,Insecta,Psocoptera,Stenopsocidae,Graphopsocus,Graphopsocus cruciatus,flying
Sericothrips,Eukaryota,Arthropoda,Insecta,Thysanoptera,Thripidae,Sericothrips,NA,flying
Thripidae,Eukaryota,Arthropoda,Insecta,Thysanoptera,Thripidae,NA,NA,flying
Limnephilus marmoratus,Eukaryota,Arthropoda,Insecta,Trichoptera,Limnephilidae,Limnephilus,Limnephilus marmoratus,flying
Armadillidium,Eukaryota,Arthropoda,Malacostraca,Isopoda,Armadillidiidae,Armadillidium,NA,epigeic
Armadillidium vulgare,Eukaryota,Arthropoda,Malacostraca,Isopoda,Armadillidiidae,Armadillidium,Armadillidium vulgare,epigeic
Philoscia,Eukaryota,Arthropoda,Malacostraca,Isopoda,Philosciidae,Philoscia,NA,epigeic
Philoscia muscorum,Eukaryota,Arthropoda,Malacostraca,Isopoda,Philosciidae,Philoscia,Philoscia muscorum,epigeic
Trachelipus rathkii,Eukaryota,Arthropoda,Malacostraca,Isopoda,Trachelipodidae,Trachelipus,Trachelipus rathkii,epigeic
Hyloniscus riparius,Eukaryota,Arthropoda,Malacostraca,Isopoda,Trichoniscidae,Hyloniscus,Hyloniscus riparius,epigeic
Candona candida,Eukaryota,Arthropoda,Ostracoda,Podocopida,Candonidae,Candona,Candona candida,Aquatic
Cyprididae,Eukaryota,Arthropoda,Ostracoda,Podocopida,Cyprididae,NA,NA,Aquatic
Cypris pubera,Eukaryota,Arthropoda,Ostracoda,Podocopida,Cyprididae,Cypris,Cypris pubera,Aquatic
Potamocypris unicaudata,Eukaryota,Arthropoda,Ostracoda,Podocopida,Cyprididae,Potamocypris,Potamocypris unicaudata,Aquatic
Heterocypris,Eukaryota,Arthropoda,Ostracoda,Podocopida,Cyprididae,Heterocypris,NA,Aquatic
Cypridopsis,Eukaryota,Arthropoda,Ostracoda,Podocopida,Cyprididae,Cypridopsis,NA,Aquatic
Cypridopsis vidua,Eukaryota,Arthropoda,Ostracoda,Podocopida,Cyprididae,Cypridopsis,Cypridopsis vidua,Aquatic
Heterocypris incongruens,Eukaryota,Arthropoda,Ostracoda,Podocopida,Cyprididae,Heterocypris,Heterocypris incongruens,Aquatic
Eucypris virens,Eukaryota,Arthropoda,Ostracoda,Podocopida,Cyprididae,Eucypris,Eucypris virens,Aquatic
Scutigerella,Eukaryota,Arthropoda,Symphyla,order,Scutigerellidae,Scutigerella,NA,epigeic
Scutigerellidae,Eukaryota,Arthropoda,Symphyla,order,Scutigerellidae,NA,NA,epigeic
Scutigerella causeyae,Eukaryota,Arthropoda,Symphyla,order,Scutigerellidae,Scutigerella,Scutigerella causeyae,epigeic
Acutuncus mecnuffi,Eukaryota,Tardigrada,Eutardigrada,Parachela,Hypsibiidae,Acutuncus,Acutuncus mecnuffi,epigeic
Acutuncus,Eukaryota,Tardigrada,Eutardigrada,Parachela,Hypsibiidae,Acutuncus,NA,epigeic
Macrobiotus,Eukaryota,Tardigrada,Eutardigrada,Parachela,Macrobiotidae,Macrobiotus,NA,epigeic
Macrobiotidae,Eukaryota,Tardigrada,Eutardigrada,Parachela,Macrobiotidae,NA,NA,epigeic
Macrobiotus polonicus,Eukaryota,Tardigrada,Eutardigrada,Parachela,Macrobiotidae,Macrobiotus,Macrobiotus polonicus,epigeic
Paramacrobiotus,Eukaryota,Tardigrada,Eutardigrada,Parachela,Macrobiotidae,Paramacrobiotus,NA,epigeic
Paramacrobiotus richtersi,Eukaryota,Tardigrada,Eutardigrada,Parachela,Macrobiotidae,Paramacrobiotus,Paramacrobiotus richtersi,epigeic
